d99a87a5-2606-40ff-9079-56867f18805b|Eureka Oro Mignon Dolce Vita (White)|Eureka|1049|The Kitchen Barista
4f148e44-fe51-4fc1-845e-7dfec9fe7d41|Eureka Mignon Silenzio 55mm Grinder (White)|Eureka|699|HomeCoffeeSolutions.com
093c08c9-2d99-4f32-a491-45fa9e5f4a50|Eureka Oro Mignon Dolce Vita (Matte Black)|Eureka|1049|The Kitchen Barista
e6e2fadf-83e4-47a1-b0d6-54a21809f181|Eureka Mignon Zero 65 All Purpose Grinder (Black) - BACKORDERED|Eureka|749|HomeCoffeeSolutions.com
0c3d4216-bd07-4424-a344-1d34810d5b81|Eureka Mignon Libra 65 All Purpose Grinder (Black) - BACKORDERED|Eureka|1299|HomeCoffeeSolutions.com
cb9afffe-859c-4949-b50b-bd515d760385|Eureka Mignon Zero | Single Dose Coffee Grinder (White)|Eureka|569|HomeCoffeeSolutions.com
598198d7-8739-43b5-a6ce-3bca749b3663|Eureka Oro Mignon Dolce Vita (Ferrari Red)|Eureka|969|The Kitchen Barista
87fba665-ace5-4cef-a199-045a6ab7a3cc|Eureka Mignon Complete Hopper (300g)|Eureka|85|HomeCoffeeSolutions.com
673d6e5f-f5ba-448a-a56f-8223b6309961|Eureka Oro Mignon Dolce Vita (Silver)|Eureka|969|The Kitchen Barista
380d6936-371a-4ef2-bc6b-b708a3b076f5|Eureka Dosing Cup (45g)|Eureka|42.5|HomeCoffeeSolutions.com
9b40cab6-3017-496c-9009-6a071635deb5|Eureka Oro Mignon Dolce Vita (Chrome)|Eureka|1099|The Kitchen Barista
97f49e4c-bc8b-4d6c-810b-c41df95e6cc3|Eureka Mignon Single Dose Blow Up Cleaning|Eureka|59.5|HomeCoffeeSolutions.com
58be3abe-a29c-4bc2-b9f1-6a5289959050|Eureka Oro Prometheus Coffee Grinder (Black)|Eureka|3995|The Kitchen Barista
e3a41112-cf3f-422b-b4b3-07ecd19df66d|Eureka Mignon Silenzio 55mm Grinder (Red)|Eureka|699|HomeCoffeeSolutions.com
4a318bab-71af-4d43-9235-5718b9f3d5ba|Eureka Oro Prometheus Coffee Grinder (Chrome)|Eureka|3995|The Kitchen Barista
89c86fa8-afaa-45ad-ad9c-a9bcc2e810b1|Eureka Mignon Brew Pro Coffee Grinder (Matte Black)|Eureka|799|The Kitchen Barista
231ae02d-2ee3-4915-a8da-e5316a41543f|Eureka Mignon Specialita | Quiet Flat Burr Coffee Grinder (Grey)|Eureka|734|HomeCoffeeSolutions.com
e14656f9-dadb-4984-92fc-7e53750eafa8|Eureka Oro Mignon Single Dose Grinder v1.1 (White - Open Box)|Eureka|959|The Kitchen Barista
9d4e48a6-d9fb-48eb-a92b-3abca3c52ef6|Eureka Oro Mignon Single Dose Pro Grinder (Black)|Eureka|1199|HomeCoffeeSolutions.com
d1619efc-f02e-4adf-a39b-d95f5ee91d6a|Eureka Mignon Silenzio 55 Flat Burr Coffee Grinder (Amaranth)|Eureka|619.65|The Kitchen Barista
3b82accc-6e99-476f-8ec4-9a1aa4e34138|Eureka Mignon XL Coffee Grinder (Matte Black)|Eureka|1149|HomeCoffeeSolutions.com
e3d40226-48d0-4dc0-be90-8589f6a3c508|Eureka Mignon Crono Burr Grinder (Open Box - Matte Black)|Eureka|329|The Kitchen Barista
2c04394c-d183-4b8c-8ff5-991f4163181a|Eureka Mignon Single Dose Hopper (45g)|Eureka|55.25|HomeCoffeeSolutions.com
dcde88e0-0f0f-4672-a5fc-c91b0373ee17|Eureka Costanza V Espresso Machine (Stainless Steel)|Eureka|3199|The Kitchen Barista
896df1c6-f842-4653-9aae-77f55b222d03|Eureka Mignon Libra Grinder (Chrome)|Eureka|1149|HomeCoffeeSolutions.com
452e7c26-0eb3-437e-b0bb-5f7a9f9351c2|Eureka Costanza R Espresso Machine (Stainless Steel)|Eureka|3799|The Kitchen Barista
98dd71ae-eb60-46cd-94a4-a07e31136b9b|Eureka Mignon Specialita | Quiet Flat Burr Coffee Grinder (Red)|Eureka|849.99|HomeCoffeeSolutions.com
fc0e4858-e02d-455a-937f-085742ee4c3e|Eureka Pura V Espresso Machine (Stainless Steel)|Eureka|2799|The Kitchen Barista
ca44e199-8e8f-4cfe-a3fa-d4ab0d25b7a3|Eureka Mignon Zero | Single Dose Coffee Grinder (Chrome)|Eureka|599|HomeCoffeeSolutions.com
8d963fe5-2f04-422d-9a5b-db84d16d8ba0|Eureka Pura R Espresso Machine (Stainless Steel)|Eureka|3395|The Kitchen Barista
e18fd355-bdf1-4c24-96ee-23099801527a|Eureka Mignon Zero | Single Dose Coffee Grinder (Matte Black)|Eureka|569|HomeCoffeeSolutions.com
4dda2964-8c5d-4b78-90c5-5a94a63374ff|Eureka Oro Mignon Single Dose Pro Grinder (Chrome)|Eureka|1099|The Kitchen Barista
4230a6ba-9a5a-4ffe-8709-48887eaa9732|Eureka Mignon Libra Grinder (White)|Eureka|934.15|HomeCoffeeSolutions.com
52f3de85-57c1-49a5-b98c-b6e33675620d|Eureka Mignon Libra 65 AP Grinder with Grind by Weight (Chrome)|Eureka|1349|The Kitchen Barista
bea3178b-69e5-4845-bbf3-fc5803e2bd03|Eureka Mignon Libra Grinder (Black)|Eureka|1099|HomeCoffeeSolutions.com
f8bb8a8e-1115-494b-aabd-6bbe9321eeda|Eureka Atom W 75 Grind By Weight Coffee Grinder (White)|Eureka|2359|The Kitchen Barista
e3545117-b910-43be-9f9b-eefce1cab977|Eureka Oro Mignon Single Dose Grinder | Inclined To Zero Retention Grinder v1.1 (Black)|Eureka|1099|HomeCoffeeSolutions.com
d9003929-74a9-4c7e-928c-ba22aa006bd9|Eureka Oro Mignon XL Coffee Grinder Red (Open Box 54194)|Eureka|980|The Kitchen Barista
e0b53732-4cba-41e3-a4e0-10ace4b067c0|Eureka Mignon Silenzio 55mm Grinder (Matte Black)|Eureka|699|HomeCoffeeSolutions.com
c90cc00a-88e2-4a48-85e1-045e32d54455|Eureka Atom Excellence 75 Coffee Grinder (White)|Eureka|2019|The Kitchen Barista
5ea0067e-a380-4c96-a01f-f1d4ff9c4eee|Eureka Mignon Silenzio 55mm Grinder (Chrome) - BACKORDERED|Eureka|749|HomeCoffeeSolutions.com
dc1b5795-a2cc-499f-bebe-0195ab6ba958|Eureka Atom Excellence 75 Coffee Grinder (Red)|Eureka|2019|The Kitchen Barista
700ccd0a-d82d-4e8b-b23a-bb3ee43ebace|Eureka Mignon Facile Grinder (White)|Eureka|434.2|HomeCoffeeSolutions.com
19b04818-a1bf-4718-bb9e-24da425c7e70|Eureka Atom Excellence 75 Coffee Grinder (Matte Black)|Eureka|2019|The Kitchen Barista
baab8299-7520-457e-ae4b-920cd76589ec|Eureka Mignon Facile 50mm Grinder (Matte Black)|Eureka|434.2|HomeCoffeeSolutions.com
85ea274f-111f-4a49-9091-ec3ab1f23cc5|Eureka Atom Excellence 75 Coffee Grinder (Grey)|Eureka|2019|The Kitchen Barista
3164e5c3-068d-4665-82bc-441c4d72946c|Profitec Pro 400 Espresso Machine & Eureka Mignon Specialita Grinder (White) Bundle|Profitec|3021.64|HomeCoffeeSolutions.com
259ad334-8376-4ffd-9b34-fc78127ab8f5|Eureka Atom W 65 Grind By Weight Coffee Grinder (White)|Eureka|1819|The Kitchen Barista
c15d2c4f-472f-4e3c-9b8f-baecdf086afd|Profitec Pro 400 Espresso Machine & Eureka Mignon Specialita Grinder (Chrome) Bundle|Profitec|3013.99|HomeCoffeeSolutions.com
29d50a75-150e-484e-beeb-fc8a8b31cae5|Eureka Atom Excellence 65 Coffee Grinder (Matte Black)|Eureka|1619|The Kitchen Barista
68b07fc1-4cd0-41dc-9cc3-9f86be9a6de5|Profitec Pro 400 Espresso Machine & Eureka Mignon Silenzio 55mm Grinder (Chrome) Bundle|Profitec|2894.98|HomeCoffeeSolutions.com
2c4ccea7-a1d0-4530-9eb0-fbf0e87cfaae|Eureka Atom Excellence 65 Coffee Grinder (Ferrari Red)|Eureka|1619|The Kitchen Barista
5324d6a9-5dbb-45e2-9331-6580723dd875|Profitec Pro 400 Espresso Machine & Eureka Mignon Libra Grinder (Chrome) Bundle|Profitec|3404.14|HomeCoffeeSolutions.com
1e113756-51a3-47f7-9437-2f59de7faa1f|Eureka Atom Excellence 65 Coffee Grinder (White)|Eureka|1619|The Kitchen Barista
04df8211-676b-47f1-aba7-46f2ba3e67c4|Profitec Pro 400 Espresso Machine & Eureka Mignon Libra Grinder (Matte Black) Bundle|Profitec|3185|HomeCoffeeSolutions.com
cdca7383-a195-4707-b37f-92415c027a4c|Eureka Atom Excellence 65 Coffee Grinder (Grey)|Eureka|1619|The Kitchen Barista
f824ce14-738e-444e-b4b6-dd837873c231|Profitec Pro 400 Espresso Machine & Eureka Mignon Libra Grinder (White) Bundle|Profitec|3361.64|HomeCoffeeSolutions.com
1d664505-dcba-410d-9628-46f7d4943d77|Eureka Mignon Single Dose Kit|Eureka|148|The Kitchen Barista
80e75bf4-00a6-4582-9350-af921dde5b22|Profitec Go (Yellow) Espresso Machine & Eureka Mignon Facile Grinder (Black) Bundle|Profitec|1863.25|HomeCoffeeSolutions.com
5faf7499-94ef-4078-add1-886f7ab3f68f|Eureka Mignon Specialita Flat Burr Coffee Grinder (Glossy Black)|Eureka|849.97|The Kitchen Barista
e479bc31-b0ee-44f3-a579-f794f5b18e20|Profitec Go (Blue) Espresso Machine & Baratza Encore ESP (Black) Grinder Bundle|Profitec|1685.59|HomeCoffeeSolutions.com
9d42a869-7e04-4286-a303-716d430f50ce|Profitec Go (Yellow) Espresso Machine & Baratza Encore ESP Grinder (Black) Bundle|Profitec|1685.59|HomeCoffeeSolutions.com
fb2c3f3a-b95a-4236-9169-99e370bb37a7|Profitec Go (Red) Espresso Machine & Baratza Encore ESP Grinder (Black) Bundle|Profitec|1685.59|HomeCoffeeSolutions.com
3adac172-440c-45af-9c1d-039f70e8068c|Eureka Oro Mignon Single Dose Grinder v1.1 Black (Open Box 54211)|Eureka|975.45|The Kitchen Barista
bd5ab9dc-5553-4090-aa33-830eba43955b|Profitec Go (Blue) Espresso Machine & Fellow Opus Grinder (Black) Bundle|Profitec|1664.35|HomeCoffeeSolutions.com
5607418e-b38c-4f76-8af7-cc416b3fbfda|Eureka Mignon Specialita Flat Burr Coffee Grinder Chrome (Open Box-#54216)|Eureka|822.03|The Kitchen Barista
c38f58c4-5fc0-4ba8-ba27-4e581d175f9f|Eureka Mignon Specialita Flat Burr Coffee Grinder (Grey)|Eureka|734|The Kitchen Barista
193dadb2-b7a7-4823-a901-cc5e41fc6db2|Profitec Go (Red) Espresso Machine & DF64 Gen 2 Grinder w/ DLC Burrs (White) Bundle|Profitec|1836|HomeCoffeeSolutions.com
eead9fe6-1f12-4f90-98c4-2f44d9bebf88|Eureka Mignon Zero Grinder with Black Spout (White)|Eureka|499|The Kitchen Barista
09b919d0-b511-4e1e-af77-f0d8f095ab2b|Eureka Mignon Zero Grinder (Red)|Eureka|589|The Kitchen Barista
fd3e8661-b5b3-4205-8d72-63f759adb20f|Eureka Mignon Zero Grinder (Pale Blue)|Eureka|589|The Kitchen Barista
abd8fa81-d271-4c95-a1a9-162bd47224e2|Profitec Go (Red) Espresso Machine & Baratza Encore ESP (White) Grinder Bundle|Profitec|1676.25|HomeCoffeeSolutions.com
f166b2eb-f7a5-4bfa-927f-b26f48e040e0|Eureka Mignon Zero Grinder (Yellow)|Eureka|589|The Kitchen Barista
dfa26524-da06-4161-a37d-669e2682d670|Profitec Go (Black) Espresso Machine & Baratza Encore ESP Grinder (White) Bundle|Profitec|1686.99|HomeCoffeeSolutions.com
0e702d07-20e8-4941-8030-d7e3ac62a973|Eureka Mignon Zero 65 All Purpose Grinder White (Open Box Demo Unit)|Eureka|599.99|The Kitchen Barista
2fb534ff-9e0a-434e-b06a-8e50d9179a0e|Profitec Go (Blue) Espresso Machine & Eureka Mignon Silenzio 55 Grinder (Pale Blue) Bundle|Profitec|2004.99|HomeCoffeeSolutions.com
2971eec4-585f-4f3f-9589-a46fd8877533|Eureka Mignon Magnifico Coffee Grinder (Matte Black)|Eureka|769|The Kitchen Barista
d5c9d65f-a9ff-46a7-a9fc-0103674f5dcd|Profitec Jump Espresso Machine & DF64 Gen 2 w/ DLC Burrs (White) Bundle|Profitec|2850|HomeCoffeeSolutions.com
d4e68a7b-f6b3-4e12-a6ea-82c3b56124e0|Eureka Mignon Magnifico Coffee Grinder (White)|Eureka|769|The Kitchen Barista
82aa891f-3433-45ff-b2a7-b9a54d177c0e|Profitec Go (Black) Espresso Machine & DF64 Gen 2 Grinder w/ DLC Burrs (White) Bundle|Profitec|1764|HomeCoffeeSolutions.com
e71ac03e-ad74-4bd2-99cb-89eeb214c827|Eureka Mignon Magnifico Coffee Grinder (Red)|Eureka|769|The Kitchen Barista
6afb3005-c28e-46c5-8ad6-6170aa1421d0|Profitec Pro 500 Espresso Machine & DF64 Gen 2 Grinder (White) Bundle|Profitec|2799|HomeCoffeeSolutions.com
492a7cdc-d1e2-4cf7-a500-d1d72f72f2eb|Eureka Mignon Specialita 55 Flat Burr Coffee Grinder (15BL - Matte Black)|Eureka|714.9|The Kitchen Barista
75ad43f4-b4f3-4a3e-9043-087c7023b427|Profitec Drive Espresso Machine with Eureka Oro Single Dose Pro Grinder (Black) Bundle|Profitec|5073.25|HomeCoffeeSolutions.com
c7d4ff89-e78a-4d58-a85f-c09ea721edaf|Eureka Mignon Perfoemance 50 Coffee Grinder (Black)|Eureka|679|The Kitchen Barista
9617c69c-9839-4a39-9de3-2b0fad34b6e5|Profitec Drive Espresso Machine with Eureka Oro Single Dose Pro Grinder (Chrome) Bundle|Profitec|5118.25|HomeCoffeeSolutions.com
96dd5a90-acb8-4edd-b706-61e7afc6fe93|Eureka Helios 65 Coffee Grinder (Chrome)|Eureka|1342|The Kitchen Barista
451edf89-ac66-44f3-bb66-d40d576263a7|Profitec Drive Espresso Machine with DF64 Gen 2 with DLC Burr Grinder (White) Bundle|Profitec|4723.25|HomeCoffeeSolutions.com
c7a3a478-460e-40f0-93c4-e6f6e8b0c9d1|Eureka Mignon Silenzio Flat Burr Coffee Grinder (Amaranth)|Eureka|679|The Kitchen Barista
bc69f77a-4c36-4bef-9281-313fe6675a42|Profitec Pro 400 Espresso Machine & Eureka Mignon Silenzio 55mm  Grinder (Matte Black) Bundle|Profitec|2851.64|HomeCoffeeSolutions.com
bf7ff8a4-7e1c-4b23-a821-fec972f1c201|Eureka Mignon Specialita Design Flat Burr Coffee Grinder (Whitened Oak)|Eureka|743|The Kitchen Barista
a276fcbf-2aad-401b-861d-432c824f59e8|Profitec Pro 400 Espresso Machine & Eureka Mignon Silenzio 55mm Grinder (White) Bundle|Profitec|2851.64|HomeCoffeeSolutions.com
2c926593-54b3-46b2-aba1-864708340875|Eureka Mignon Zero Grinder (Texture Black)|Eureka|749|The Kitchen Barista
b55851c8-af25-4f9d-a12e-83aec1796616|Profitec Go (Yellow) Espresso Machine & Fellow Opus Grinder (Black) Bundle|Profitec|1664.35|HomeCoffeeSolutions.com
1fb1c9e1-27b1-47f8-a10c-e95e9d9973bb|Eureka Oro Mignon Stark Grinder (Ferrari Red)|Eureka|1249|The Kitchen Barista
37a6834e-5a0e-4b01-b784-585c06fbaa64|Profitec Go (Blue) Espresso Machine & DF64 Gen 2 Grinder w/ DLC Burrs (White) Bundle|Profitec|1848.15|HomeCoffeeSolutions.com
12cd619b-7577-49e5-903c-05309d3f3c31|Eureka Oro Mignon XL Coffee Grinder (Open Box)-White|Eureka|995|The Kitchen Barista
35938918-487c-4e4c-8c6f-96a2798688f1|Profitec Go (Yellow) Espresso Machine & DF64 Gen 2 Grinder w/ DLC Burrs (White) Bundle|Profitec|1848.15|HomeCoffeeSolutions.com
30ad7ae9-121f-46db-b7db-fbe8f6a653fa|Eureka Mignon Facile Flat Burr Coffee Grinder ( Open Box -54205 White)|Eureka|410|The Kitchen Barista
db9ce38c-1370-448c-8e86-c192ddd4faf9|Profitec Jump Espresso Machine & DF64 Gen 2 w/ DLC Burrs (Black) Bundle|Profitec|2850|HomeCoffeeSolutions.com
b1665045-67c1-4b18-83bf-e05134fdfa77|Eureka Mignon Silenzio 55 Flat Burr Coffee Grinder (White)|Eureka|594.15|The Kitchen Barista
110bf66f-ae3d-44d7-b511-17eddaf4b94b|Profitec Pro 400 Espresso Machine & Eureka Mignon Specialita Grinder (Matte Black) Bundle|Profitec|3021.64|HomeCoffeeSolutions.com
92290c01-dfb8-434b-ae77-658420185bfb|Eureka Mignon Silenzio 55 Flat Burr Coffee Grinder (Pale Blue)|Eureka|619.65|The Kitchen Barista
6b898d03-6375-48dc-b7f4-d978e999e6ae|Profitec Go (Blue) Espresso Machine & Eureka Mignon Facile Grinder (Black) Bundle|Profitec|1770.99|HomeCoffeeSolutions.com
98a98c95-14c3-47a1-804f-2be04882cfa5|Eureka Atom W 75 Grind By Weight Coffee Grinder (Matte Black)|Eureka|2359|The Kitchen Barista
a5cd92d1-e3f8-452a-9f9a-c851df9e4f1c|Profitec Go (Yellow) Espresso Machine & Baratza Encore ESP Grinder (White) Bundle|Profitec|1685.59|HomeCoffeeSolutions.com
273a436b-5189-41c7-8815-5ba6892c4366|Eureka Mignon Facile Flat Burr Coffee Grinder ( Open Box - Matte Black)|Eureka|400|The Kitchen Barista
bfb11f19-a907-4041-814a-50e8dedd03d2|Profitec Go (Yellow) Espresso Machine & DF64 Gen 2 Grinder w/ DLC Burrs (Black) Bundle|Profitec|1848.15|HomeCoffeeSolutions.com
732b8f84-1324-4a44-abfa-b74eaf7315fa|Eureka Mignon Silenzio Flat Burr Coffee Grinder (Anthracite)|Eureka|679|The Kitchen Barista
4727f2ff-52c1-45be-8ec7-8af13aa8e62a|Eureka Mignon Silenzio Flat Burr Coffee Grinder (Blue)|Eureka|699|The Kitchen Barista
30966979-6d45-468d-aa26-38e400748fe6|Profitec Go (Stainless Steel) Espresso Machine & DF64 Gen 2 Grinder w/ DLC Burrs (White) Bundle|Profitec|1848.15|HomeCoffeeSolutions.com
4bac8dc1-06ad-4728-b08d-adc7b7d7f498|Eureka Mignon Specialita Flat Burr Coffee Grinder (Yellow)|Eureka|799|The Kitchen Barista
462cca33-8e01-4f82-ad79-e1efb4822860|Profitec Pro 600 Dual Boiler & Quick Steam Espresso Machine With E61 Group Head & PID Temperature Control w/ Flow Control|Profitec|3649|HomeCoffeeSolutions.com
172a006c-1cb3-4f81-8916-c82074c075b5|Profitec Go (Blue) Espresso Machine & DF64 Gen 2 Grinder w/ DLC Burrs (Black) Bundle|Profitec|1799|HomeCoffeeSolutions.com
54ebae8e-e516-4ebd-8877-b304e30b7342|Eureka Oro Mignon XL Coffee Grinder (Silver)|Eureka|1149|The Kitchen Barista
00b87766-130e-4c5e-b5c6-a126243a52be|Profitec Pro 600 Dual Boiler & Quick Steam Espresso Machine With E61 Group Head & PID Temperature Control|Profitec|3499|HomeCoffeeSolutions.com
9f633397-87d6-4e30-b339-f1d8d87e87ac|Eureka Zenith 65 Neo (Matte Black)|Eureka|1199|The Kitchen Barista
a8f1a704-d4e6-4b98-9738-306f6d344e58|Profitec Pro 600 Dual Boiler With E61 Group Head, PID Temperature Control, & Flow Control|Profitec|3679|HomeCoffeeSolutions.com
1af7778f-5c3b-430b-812a-8cc00e2aa28a|Eureka Mignon Zero Grinder (Anthracite)|Eureka|749|The Kitchen Barista
f85d4a9e-2285-4c3c-9455-a0a76f432c84|Profitec Pro 300 Dual Boiler PID Espresso Machine (Stainless Steel)|Profitec|2510|HomeCoffeeSolutions.com
a3658690-699d-4d4f-bb1e-1df084b6a9f1|Eureka Mignon Silenzio 55 Flat Burr Coffee Grinder (Red)|Eureka|594.15|The Kitchen Barista
6a4ca532-0e4d-4769-be03-cdb725050b41|Profitec Milk Frothing Pitcher(500ml)|Profitec|79|HomeCoffeeSolutions.com
411aaf15-6930-47e5-b66a-23bd28a36cf7|Eureka Mignon Silenzio 55 Flat Burr Coffee Grinder (Grey/Silver)|Eureka|605.04|The Kitchen Barista
e95e5a18-d4eb-4fdd-849d-2d556d86af63|Profitec Go (Stainless Steel) Espresso Machine & DF64 Gen 2 Grinder w/ DLC Burrs (Black) Bundle|Profitec|1848.15|HomeCoffeeSolutions.com
290820a2-7f32-4a82-bf48-1d3bced8f6af|Profitec Go Single Boiler PID Espresso Machine (Yellow)|Profitec|1599|HomeCoffeeSolutions.com
2d9e6d5d-9dfb-43c6-8c66-e5f850ccae7b|Eureka Oro Mignon Single Dose Pro Grinder (White)|Eureka|1049|The Kitchen Barista
760c5cb9-c6ff-4645-b0f7-17ef33ce8762|Eureka Mignon Libra 65 AP Grinder with Grind by Weight (White)|Eureka|1299|The Kitchen Barista
045dd571-2e9c-48e3-ae5a-7719219a30c5|Profitec Pro 600 Dual Boiler With E61 Group Head & PID Temperature Control|Profitec|3439|HomeCoffeeSolutions.com
c16b7f61-6dc9-46c8-90ee-79b637846480|Profitec Pro 500 Espresso Machine & Eureka Mignon Silenzio 55mm Grinder (Matte Black) Bundle|Profitec|2956.3|HomeCoffeeSolutions.com
c36c1111-bedf-4632-b369-8cad0529ff62|Eureka Mignon Zero 65 All Purpose Grinder (White)|Eureka|636|The Kitchen Barista
77b5a592-e8ed-4f0a-99b8-d54e5a96ae0d|Profitec Pro 500 Espresso Machine & Eureka Mignon Silenzio 55mm Grinder (White) Bundle|Profitec|2956.3|HomeCoffeeSolutions.com
d1189ff3-235e-4fb8-99e3-4f38f52cb1d9|Eureka Mignon Zero 65 All Purpose Grinder (Chrome)|Eureka|679|The Kitchen Barista
bbdf18b6-71fe-4bdb-9eb5-d57982330626|Profitec Pro 500 Espresso Machine & Eureka Mignon Silenzio 55mm Grinder (Chrome) Bundle|Profitec|2999.99|HomeCoffeeSolutions.com
ee6d6458-4f79-48f6-a6a4-aa7e62bb0878|Eureka Atom W 65 Grind By Weight Coffee Grinder (Matte Black)|Eureka|1819|The Kitchen Barista
fda34c4c-3484-48ba-87e6-b497b3ce03a4|Profitec Pro 500 Espresso Machine & Eureka Mignon Specialita Grinder (White) Bundle|Profitec|3126.3|HomeCoffeeSolutions.com
d9143d2d-2a07-407a-8403-56b0758f42ea|Eureka Mignon Silenzio Flat Burr Coffee Grinder (Pale Blue)|Eureka|729|The Kitchen Barista
18a433b0-87cb-4f4f-95fb-78993f6b48f1|Profitec Pro 500 Espresso Machine & Eureka Mignon Specialita Grinder (Matte Black) Bundle|Profitec|3126.3|HomeCoffeeSolutions.com
db51f362-1ca0-4c54-9548-dfb7feea48c6|Eureka Mignon Specialita Flat Burr Coffee Grinder (Orange)|Eureka|615|The Kitchen Barista
d7f16e40-00c3-45b5-a02a-c4fe1129b139|Profitec Pro 500 Espresso Machine & Eureka Mignon Libra Grinder (Matte Black) Bundle|Profitec|3466.3|HomeCoffeeSolutions.com
ca05da43-083c-4496-ac74-5e60f2da4f71|Eureka Oro Mignon XL Coffee Grinder (Red)|Eureka|1149|The Kitchen Barista
c9b958c5-dc94-47f3-bae4-1e0764f975c2|Profitec Pro 500 Espresso Machine & Eureka Mignon Libra Grinder (White) Bundle|Profitec|3466.3|HomeCoffeeSolutions.com
739e543e-2b9c-4422-96ac-75d536f38734|Eureka Zenith 65 Neo (White)|Eureka|1199|The Kitchen Barista
5b8babcd-2321-4730-9bf8-368061cea4c1|Profitec Pro 500 Espresso Machine & Eureka Mignon Libra Grinder (Chrome) Bundle|Profitec|3508.8|HomeCoffeeSolutions.com
6ebf1081-62ef-4577-a348-7418c94a6a78|Eureka Mignon Silenzio Flat Burr Coffee Grinder (Grey/Silver)|Eureka|699|The Kitchen Barista
94f7c9ac-6969-4f55-9173-aac3c2272095|Profitec Pro 800 Lever Espresso Machine With PID Temperature Control - Open Box, Unused|Profitec|3999|HomeCoffeeSolutions.com
b2d35cce-53e3-4651-83d9-eebea8852ca1|Profitec Pro 300 Dual Boiler PID Espresso Machine (Stainless Steel) - Open Box (3430)|Profitec|2259|HomeCoffeeSolutions.com
4c74c02f-5806-4fca-b75c-a1d929e1a5ca|Eureka Mignon Specialita Flat Burr Coffee Grinder (Lime Green)|Eureka|615|The Kitchen Barista
3f012517-d2b2-48c8-b3d1-c3e29198e0b7|Eureka Mignon Specialita Flat Burr Coffee Grinder (Walnut)|Eureka|1049|The Kitchen Barista
062c17a6-d52d-4bee-9caa-4fc1b12c80da|Profitec Go (Black) Espresso Machine & Eureka Mignon Silenzio 55 Grinder (Black) Bundle|Profitec|2033.25|HomeCoffeeSolutions.com
491a6ebf-3178-4878-8ae2-dd248b0aa2eb|Eureka Oro Mignon Single Dose Grinder v1.1 (Black)|Eureka|934|The Kitchen Barista
06b71b40-e802-4a7e-8b6b-923a1683cf81|Eureka Oro Mignon Stark Grinder (Matte Black)|Eureka|1249|The Kitchen Barista
81da2fbe-5279-42f6-bdfa-d3438ce5839c|Eureka Mignon Specialita Flat Burr Coffee Grinder (Beige)|Eureka|849.25|The Kitchen Barista
bcda40b5-1e3a-4281-8da0-338a43acd8ea|Profitec Go (Red) Espresso Machine & Eureka Mignon Facile Grinder (Black) Bundle|Profitec|1766.99|HomeCoffeeSolutions.com
16b35ac5-a69d-4e8c-a901-11f037a574ec|Eureka Mignon Zero Grinder with Black Spout (Matte Black)|Eureka|499|The Kitchen Barista
f8fe701f-6bd2-41a1-af0d-c5573404ded4|Profitec Go (Red) Espresso Machine & Fellow Opus Grinder (Black) Bundle|Profitec|1664.35|HomeCoffeeSolutions.com
6a0a50bf-081f-4ac3-a5ac-5a2cee9d7981|Eureka Helios 65 Coffee Grinder (Black)|Eureka|1274.15|The Kitchen Barista
362945c5-727a-46d7-803e-ebd04f4d2a10|Profitec Go (Red) Espresso Machine & Eureka Mignon Slienzio 55 Grinder (Red) Bundle|Profitec|2016|HomeCoffeeSolutions.com
227e0145-7a59-4ce9-a8c8-9ff9890cbfc0|Eureka Mignon Silenzio Flat Burr Coffee Grinder (Chrome)|Eureka|620|The Kitchen Barista
9504cb75-d0fa-452f-b20b-d490bdbcd33a|Profitec Pro 300 Dual Boiler PID Espresso Machine (Stainless Steel) - OPEN BOX (3374)|Profitec|2259|HomeCoffeeSolutions.com
c299a109-4960-4745-972a-88a09ae63f5d|Eureka Mignon Specialita Flat Burr Coffee Grinder (Aged Copper)|Eureka|929|The Kitchen Barista
2f03078b-66f6-47db-ab2d-a290607b21ef|Profitec Pro 500 Heat Exchanger Espresso Machine With E61 Group Head, PID Temperature Control, & Flow Control - Open Box (4608)|Profitec|2929|HomeCoffeeSolutions.com
762f6041-23df-48c8-8176-0a896172fcd4|Eureka Mignon Specialita Flat Burr Coffee Grinder (Blue)|Eureka|829|The Kitchen Barista
bf416f00-a306-4c40-8461-c0938c3d3fdf|Profitec Pro 500 Heat Exchanger Espresso Machine With E61 Group Head, PID Temperature Control, & Flow Control - Open Box (4060)|Profitec|2489.65|HomeCoffeeSolutions.com
e25d759a-2297-49f5-b4d5-44c44d3d7ce7|Eureka Mignon Zero Grinder (White)|Eureka|569|The Kitchen Barista
652d9f4b-1251-44ed-ae0a-96c59b3e644f|Profitec Twist A54 Coffee Grinder|Profitec|849|HomeCoffeeSolutions.com
f2319418-1686-4fe3-b98f-98586e0cbb4a|Eureka Oro Mignon Single Dose Grinder v1.1 (Chrome)|Eureka|976|The Kitchen Barista
748f9202-ca3f-4a2e-9ddc-596e571106d7|Profitec Pro 500 Espresso Machine & DF64 Gen 2 Grinder (Black) Bundle|Profitec|2797.9|HomeCoffeeSolutions.com
871dd4b8-1fbe-4612-bcaa-84c9540a975f|Profitec Pro M54 Coffee Grinder - Open Box (4304)|Profitec|574.99|HomeCoffeeSolutions.com
633f20f9-7b45-4c5a-84d9-a555b755ca22|Eureka Mignon Crono Burr Grinder (Matte Black)|Eureka|299|The Kitchen Barista
b5496f02-ebf1-446a-94b3-7c0702861616|Eureka Mignon Silenzio Flat Burr Coffee Grinder (Red)|Eureka|589|The Kitchen Barista
aba87540-3cfd-4a44-91cd-7c362e42b9aa|Profitec Pro 400 Heat Exchanger Espresso Machine With E61 Group Head & PID Temperature Control (Black) - Open Box, Unused|Profitec|2599|HomeCoffeeSolutions.com
e90355c1-1f9e-4567-91bb-31ccc362c11f|Eureka Mignon Specialita Flat Burr Coffee Grinder (Tiffany Blue / Azzurro Scuro)|Eureka|799|The Kitchen Barista
7c0b0f4c-f38d-43bc-88a0-2f82abdcd7e5|Eureka Mignon Specialita Design Flat Burr Coffee Grinder (Natural Oak)|Eureka|929|The Kitchen Barista
2e21def3-d4f1-4918-9e99-2a885ff52a62|Profitec Drive Espresso Machine with Mazzer Philos Grinder (Black) Bundle|Profitec|5569.15|HomeCoffeeSolutions.com
ea994a21-beb1-4d89-b931-57b1d896b3e2|Eureka Oro Mignon Single Dose Pro Grinder (Black)|Eureka|1049|The Kitchen Barista
df405511-63db-4403-ae55-4561bf83378e|Profitec Drive Espresso Machine with DF83V Grinder (Black) Bundle|Profitec|4983.25|HomeCoffeeSolutions.com
a8d239f2-fabc-433d-8a1d-0ba794ca709e|Eureka Mignon Libra 65 AP Grinder with Grind by Weight (Black)|Eureka|1299|The Kitchen Barista
87fe5d0c-7c27-4468-a33f-361ceb14c735|Profitec Drive Espresso Machine with DF83V Grinder (Silver) Bundle|Profitec|4983.25|HomeCoffeeSolutions.com
5a3dd8b0-29af-4ac2-bb43-095c8c535bf5|Eureka Mignon Specialita Flat Burr Coffee Grinder (Red)|Eureka|743|The Kitchen Barista
d582337f-dbc6-4958-9f05-c2c0f50e9e7d|Profitec Drive Espresso Machine with DF64 Gen 2 with DLC Burr Grinder (Black) Bundle|Profitec|4723.25|HomeCoffeeSolutions.com
8b80e40a-59c0-4843-8af6-52f0d8332400|Eureka Mignon Silenzio 55 Flat Burr Coffee Grinder (Chrome)|Eureka|699|The Kitchen Barista
61b94fa9-9258-4d87-87fe-04b0ed70819e|Profitec Drive Espresso Machine with Eureka Oro Single Dose Pro Grinder (White) Bundle|Profitec|5073.25|HomeCoffeeSolutions.com
1e8f24fa-8628-45b1-b2b0-0e9b0064e0a5|Eureka Oro Mignon XL Coffee Grinder (White)|Eureka|1149|The Kitchen Barista
6c0da239-1572-4827-9115-20f19eb491c5|Profitec Drive Espresso Machine with Eureka Mignon Libra All Purpose Grinder (Black) Bundle|Profitec|5163.25|HomeCoffeeSolutions.com
1f369018-7ba2-4a73-b045-12e982a92f3b|Eureka Mignon Silenzio Flat Burr Coffee Grinder (White)|Eureka|589|The Kitchen Barista
0f9d7024-1687-4846-8058-c32525328c0f|Profitec Pro 500 Heat Exchanger & Quick Steam Espresso Machine With E61 Group Head, PID Temperature Control - Open Box, Unused|Profitec|2304.25|HomeCoffeeSolutions.com
9a70c9b2-789e-46c2-bb9d-88e57ac8d032|Eureka Mignon Specialita Flat Burr Coffee Grinder (Pale Blue)|Eureka|849|The Kitchen Barista
6a1ba76e-cf6b-42cf-9a9d-df54046a9035|Profitec(58mm) Stainless Steel Tamper & Tamping Pad Bundle|Profitec|null|HomeCoffeeSolutions.com
94b4f0a9-3496-4858-85f2-469505cd7a44|Eureka Oro Mignon Single Dose Grinder v1.1 (White)|Eureka|934|The Kitchen Barista
79d1cb5b-c4a8-4aaa-a5d0-425f2425b956|Profitec Stainless Steel Tamper - 58mm|Profitec|null|HomeCoffeeSolutions.com
4a404e85-6a90-43b9-9a27-8949ae12c684|Eureka Mignon Specialita Flat Burr Coffee Grinder (Textured Black)|Eureka|879|The Kitchen Barista
ac1d0f46-c005-4d10-8ee6-871a096a5021|Profitec Pro 500 Heat Exchanger Espresso Machine With E61 Group Head & PID Temperature Control - Open Box, Unused|Profitec|2305|HomeCoffeeSolutions.com
785be5cc-6e6f-4f4f-bf1d-86745d1f2222|Profitec Milk Frothing Pitcher(350ml)|Profitec|null|HomeCoffeeSolutions.com
c232767a-5fc5-4d1a-ad6f-a1f173a70528|Eureka Mignon Specialita Flat Burr Coffee Grinder (Textured White)|Eureka|799|The Kitchen Barista
3f32c9e2-b99b-4833-b705-632fad2e0eca|Profitec Stainless Steel Tamper - 58mm|Profitec|89|HomeCoffeeSolutions.com
3a82d542-8d7b-4880-873d-6e389b77083e|Eureka Mignon Zero Grinder (Chrome)|Eureka|599|The Kitchen Barista
86d54d6b-c2ad-45f9-b2ac-ed51c4b0b3bf|Profitec Pro T64 Coffee Grinder|Profitec|1199|HomeCoffeeSolutions.com
bf7affe9-5dd3-4795-a8b5-7cb682cf0679|Eureka Oro Mignon XL Coffee Grinder (Chrome)|Eureka|1199|The Kitchen Barista
83a6c4d0-1c49-43c3-9379-cf55f2bfaafb|Profitec Ride Dual Boiler Espresso Machine|Profitec|3590|HomeCoffeeSolutions.com
fc933be5-c075-4f95-8d59-780e1ced130d|Eureka Oro Mignon XL Coffee Grinder (Matte Black)|Eureka|1149|The Kitchen Barista
9142ea2d-294c-4d9b-bed2-e588a9ea20b8|Profitec Drive Dual Boiler Espresso Machine With E61 Group Head, PID Temperature Control, & Flow Control - Open Box, Unused|Profitec|3724|HomeCoffeeSolutions.com
eb727be0-0d06-42a6-8619-b07cbcd87f57|Eureka Mignon Specialita Flat Burr Coffee Grinder (Open Box #54203 Glossy Black)|Eureka|770|The Kitchen Barista
4a8baa3f-8a96-4036-b433-aac8fc9c2dcf|Profitec Go (Red) Espresso Machine & DF64 Gen2 Grinder w/ DLC Burrs (Black) Bundle|Profitec|1848.15|HomeCoffeeSolutions.com
261a61fb-4b4d-4822-b5a5-9fb8d4946159|Eureka Mignon Specialita Flat Burr Coffee Grinder (Silver)|Eureka|734|The Kitchen Barista
5084928a-3eee-4474-89a3-7ae964a3e3f2|Profitec Jump Heat Exchanger Espresso Machine With E61 Group Head & PID Temperature Control - Open Box, Unused|Profitec|2299|HomeCoffeeSolutions.com
456a6914-2d05-4c8d-a767-d1f605e621ce|Eureka Mignon Silenzio 55 Flat Burr Coffee Grinder (Matte Black)|Eureka|629|The Kitchen Barista
69729425-7877-4791-a12d-44de34c29686|Profitec Pro M54 Coffee Grinder|Profitec|639|HomeCoffeeSolutions.com
c79ff098-cb43-4dac-ad24-ed030fcfd8a2|Eureka Mignon Zero 65 All Purpose Grinder (Matte Black)|Eureka|636|The Kitchen Barista
be3eaca5-40c6-4519-92b5-fef83c7f59e0|Eureka Mignon Specialita Flat Burr Coffee Grinder (White)|Eureka|849|The Kitchen Barista
0dffc94e-6f2b-4a7b-9b74-76109f5bba68|Profitec(58mm) Stainless Steel Tamper & Tamping Pad Bundle|Profitec|128.95|HomeCoffeeSolutions.com
995c24b3-e170-4f9d-ab3a-fc343e5e4329|Eureka Mignon Zero Grinder (Matte Black)|Eureka|569|The Kitchen Barista
12a63094-4ab6-48b2-9c10-b0c256ce798b|Profitec Go Single Boiler PID Espresso Machine (Brushed Stainless Steel) - Open Box, Unused|Profitec|1395|HomeCoffeeSolutions.com
66a5fad1-fbd1-4699-a9d7-4b604249d06b|Eureka Mignon Specialita Flat Burr Coffee Grinder (Anthracite)|Eureka|743.2|The Kitchen Barista
7e09472f-3751-4597-b67e-38c28c59cfde|Profitec Pro 800 Lever Espresso Machine With PID Temperature Control|Profitec|4399|HomeCoffeeSolutions.com
6cc0716f-1dda-453d-9941-8f88719341cf|Eureka Mignon Silenzio Flat Burr Coffee Grinder (Matte Black)|Eureka|589|The Kitchen Barista
3ee7be1a-c981-4883-bcb2-09eecfa6acff|Eureka Mignon Specialita Flat Burr Coffee Grinder (Chrome)|Eureka|899|The Kitchen Barista
4564eb26-d1df-40c9-bf71-4972a39ae2df|Profitec E61 Group Head Flow Control Upgrade|Profitec|299|HomeCoffeeSolutions.com
04945343-6bd1-480a-9c91-7128f384129b|Eureka Mignon Libra Grinder with Grind by Weight (Chrome)|Eureka|1019|The Kitchen Barista
4b21c833-b62b-443b-91e4-546c487b7ffe|Profitec Jump Heat Exchanger Espresso Machine With E61 Group Head & PID Temperature Control|Profitec|2899|HomeCoffeeSolutions.com
08f08354-63ea-413e-8e2a-3ecc2bea629b|Eureka Mignon Facile Flat Burr Coffee Grinder (White)|Eureka|434.2|The Kitchen Barista
b846ef91-996d-48e6-a372-86ff9b3afd72|Profitec Milk Frothing Pitcher(350ml)|Profitec|69.95|HomeCoffeeSolutions.com
f78871cc-a5ab-440b-be1b-f88eefb38f5d|Eureka Mignon Libra Grinder with Grind by Weight (White)|Eureka|934.15|The Kitchen Barista
0276d7d2-4963-4de5-99f0-438cc0dd1ab6|Eureka Mignon Libra Grinder with Grind by Weight (Black)|Eureka|934.15|The Kitchen Barista
e467a42f-12f1-4cbb-84b6-3689260c2ffb|Profitec Go Single Boiler PID Espresso Machine (Red)|Profitec|1599|HomeCoffeeSolutions.com
8ebea29e-bc7a-4842-8ccb-e715a4d70355|Eureka Mignon Specialita Flat Burr Coffee Grinder (Matte Black)|Eureka|849|The Kitchen Barista
57a6591a-fcc5-4297-a774-eabda8cca4d0|Profitec Go (Black) Espresso Machine & Baratza Encore ESP Grinder (Black) Bundle|Profitec|1686.99|HomeCoffeeSolutions.com
6b36a368-fe7d-446d-9bc2-6212c7e5e36f|Eureka Mignon Facile Flat Burr Coffee Grinder (Matte Black)|Eureka|434.2|The Kitchen Barista
17fd53c5-1bb0-4471-a7c9-93cf883f67f1|Profitec Go (Black) Espresso Machine & Fellow Opus Grinder Grinder (Black) Bundle|Profitec|1664.35|HomeCoffeeSolutions.com
72d580ee-a0ad-4a19-8fd1-ddfa1ebfc5c0|Profitec Go (Red) & DF54 (Black) - Bundle|Profitec|1599.25|The Kitchen Barista
df980eee-bfce-4593-8fd9-82e2fae6abaa|Profitec Pro 500 Heat Exchanger Espresso Machine With E61 Group Head, PID Temperature Control, & Flow Control|Profitec|3049|HomeCoffeeSolutions.com
abe7f216-56c0-4275-8d43-d6522d947802|Profitec Tamping Pad|Profitec|null|HomeCoffeeSolutions.com
593ce242-337b-44ab-bd72-23180fe1d031|Profitec Go (Blue) & DF54 (Black) - Bundle|Profitec|1599.25|The Kitchen Barista
83af8611-b536-4568-bdfc-2fdaf4759a6b|Profitec Pro 500 Heat Exchanger & Quick Steam Espresso Machine With E61 Group Head, PID Temperature Control|Profitec|2949|HomeCoffeeSolutions.com
eb2e7b37-a483-4e9a-88ab-21016a4710cb|Profitec Go (Black) & DF54 (Black) - Bundle|Profitec|1599.25|The Kitchen Barista
a56adb79-7595-467d-a79b-407a69fc0021|Profitec Go (Yellow) & Eureka Mignon Zero (Yellow) - Bundle|Profitec|2168|The Kitchen Barista
7328de9c-fcad-4e22-8b15-87f876bde514|Profitec Go (Black) Espresso Machine & Eureka Mignon Facile Grinder (Black) Bundle|Profitec|1793.15|HomeCoffeeSolutions.com
ac9b47d7-04cb-48dc-97fc-8d5112b3fb9f|Profitec Go (Black) & Eureka Mignon Zero (Black) - Bundle|Profitec|2168|The Kitchen Barista
77bcd0c1-69fd-4770-852d-9faf0f03f243|Profitec Drive Dual Boiler Espresso Machine With E61 Group Head, PID Temperature Control, & Flow Control|Profitec|4699|HomeCoffeeSolutions.com
04956135-cf84-46f1-8a27-e31491e22dbf|Profitec Go (Red) & Eureka Mignon Zero (Red) - Bundle|Profitec|2168|The Kitchen Barista
b6bc2458-41e6-4f7d-b6d7-465d27d009f1|Profitec Pro 500 Heat Exchanger Espresso Machine With E61 Group Head & PID Temperature Control|Profitec|2779|HomeCoffeeSolutions.com
fff1add5-44c5-4557-ad8a-5fc7ab782c23|Profitec Go (Stainless Steel) & Eureka Mignon Zero (Chrome) - Bundle|Profitec|2168|The Kitchen Barista
a2a4b37b-1564-4373-85d3-d9ecd5032299|Profitec Tamping Pad|Profitec|39|HomeCoffeeSolutions.com
b2daae86-0564-4f53-a0a2-36f56e7d9a61|Profitec Go (Blue) & Eureka Mignon Zero (Blue) - Bundle|Profitec|2168|The Kitchen Barista
5b1d5246-055a-48ea-bd9e-9437ddd1abda|Profitec Go (Black) Espresso Machine & DF64 Gen 2 Grinder w/ DLC Burrs (Black) Bundle|Profitec|1764|HomeCoffeeSolutions.com
2bb5b993-6f69-4d82-9030-64f5a503a1f5|Profitec E61 Flow Control Device|Profitec|295|The Kitchen Barista
e9323b68-4fc2-4644-942f-5ce16c875817|Profitec Pro 400 Heat Exchanger Espresso Machine With E61 Group Head & PID Temperature Control (Black)|Profitec|2599|HomeCoffeeSolutions.com
1a4f8ea2-849b-4f45-9e52-2cd7c6e2e137|Profitec RIDE Dual Boiler Espresso Machine|Profitec|3590|The Kitchen Barista
ba5bdafe-d32e-496f-a36e-2c95b09be17a|Profitec Go Single Boiler PID Espresso Machine (Blue)|Profitec|1599|HomeCoffeeSolutions.com
caa5bd8e-35b8-4cbf-a908-48292c3536b3|Profitec Pro 600 Espresso Machine w/ Quick Steam (Open Box 54199)|Profitec|2899.99|The Kitchen Barista
e78dde91-ded9-4c25-84bc-02550d884bf3|Profitec Go Single Boiler PID Espresso Machine (Brushed Stainless Steel)|Profitec|1599|HomeCoffeeSolutions.com
24ec9c5d-0c0e-4d8d-82a4-61ffb3ad1778|Profitec Go (Stainless Steel) & DF54 (Black) - Bundle|Profitec|1599.25|The Kitchen Barista
f214d642-d6cb-4cfd-ab57-b12a36c0f660|Profitec Go Single Boiler PID Espresso Machine (Black)|Profitec|1599|HomeCoffeeSolutions.com
8612aa7a-da0b-4ec6-853b-4da0a73cbeb6|Profitec Pro 500 Espresso Machine w/ PID and Flow Control (Open Box - Unused)|Profitec|2489|The Kitchen Barista
9ee6a265-32ef-485e-b266-3efac09b174f|ECM V-Titan 64 Burr Grinder|ECM|1939|HomeCoffeeSolutions.com
30df7a2e-2476-4a44-a6f9-5965b3150fd9|Profitec Go Espresso Machine (Open Box - Brushed Stainless Steel)|Profitec|1359.15|The Kitchen Barista
77d45865-80ad-4872-a348-020af67e1b99|ECM Drawer Knock box|ECM|199|HomeCoffeeSolutions.com
de78dd16-41d7-4b6b-a797-a3b62ec99e9d|Profitec Go (Red) & DF64 Gen 2 (Black) - Bundle|Profitec|1764|The Kitchen Barista
83234d38-9fe7-44df-8b2d-2b09af76ecff|ECM Synchronika Espresso Machine - Dual Boiler w/ PID (Anthracite)|ECM|4899|HomeCoffeeSolutions.com
fd38a314-f6c3-4a53-a7df-75192316dcd4|Profitec Go (Blue) & Eureka Silenzio 55 (Pale Blue) - Bundle|Profitec|2004.99|The Kitchen Barista
0b21ac82-ab30-4b7d-bb4c-250959af789d|ECM Milk Frothing Pitcher 360ml|ECM|40.99|HomeCoffeeSolutions.com
6351d6b8-05dc-41f0-952b-8a5aace805bd|Profitec Go (Blue) & DF64 Gen 2 (Black) - Bundle|Profitec|1764|The Kitchen Barista
51928176-84d2-4f84-ab07-7b2e179c5881|ECM Synchronika Espresso Machine - Dual Boiler w/ PID and Flow Control (Special Edition White)|ECM|4195|HomeCoffeeSolutions.com
bd5e04fe-65cd-4cd8-9273-7bd767e25193|Profitec Jump Espresso Machine (#54198- Open box Unused Unit)|Profitec|2299|The Kitchen Barista
34699d5c-b772-402f-9072-0df11147fbee|ECM Mechanika VI Slim Espresso Machine with DF64 Gen 2 Grinder with DLC Burrs (White) Bundle|ECM|2728.15|HomeCoffeeSolutions.com
feaad989-5c28-4326-b6e8-6ae19877e10a|Profitec Pro 800 Lever Espresso Machine (Open Box Unused)|Profitec|3999.99|The Kitchen Barista
66ceb1c4-7d4a-4cda-af00-f04eaaf139dd|ECM Synchronika II Espresso Machine with Eureka Oro Single Dose Pro Grinder (Black) Bundle|ECM|5158.25|HomeCoffeeSolutions.com
af9e5d35-1f01-45f6-989d-ecd26609eb22|Profitec Drive Dual Boiler Espresso Machine with PID and Flow Control (Open Box Unused)|Profitec|3724|The Kitchen Barista
f6e41763-db3d-4ff7-ba5d-e52381b8d122|ECM Mechanika Max Espresso Machine with DF64 Gen 2 DLC Burr Grinder (White) Bundle|ECM|3618|HomeCoffeeSolutions.com
8f8e76f6-584f-4807-bd97-a41663048608|Profitec Go Espresso Machine (OpenBox #5443 Black)|Profitec|1395|The Kitchen Barista
e78911b1-aa29-487e-8e29-88f40e223c01|ECM Casa V Espresso Machine (Stainless Steel)|ECM|1299|HomeCoffeeSolutions.com
056ad741-df9f-47da-af11-f6dea6b66a97|Profitec Jump Espresso Machine|Profitec|2799|The Kitchen Barista
9cc349bc-696d-4e8f-82eb-b5579ec2b07f|ECM Bottomless 58mm Portafilter - Straight|ECM|109.95|HomeCoffeeSolutions.com
a974288c-aafb-4ac6-af56-29c32274dfb6|Profitec Go (Stainless Steel) & DF64 Gen 2 (White) - Bundle|Profitec|1764|The Kitchen Barista
698b9bbf-527a-489d-b9a6-c8edc085fe6e|ECM Casa V Espresso Machine (Stainless Steel) - Open Box (3335)|ECM|1099.99|HomeCoffeeSolutions.com
decdadb7-0cd2-4f97-b2ec-361e5607601b|Profitec Tamping Station (Concrete)|Profitec|125|The Kitchen Barista
63fd94f1-fc5a-4f30-a4ca-75f1d3bfe2df|ECM Cleaning Brush with Olive Wood Handle|ECM|24.95|HomeCoffeeSolutions.com
75a942eb-6723-42ce-8354-4c8851eed723|Profitec Tamping Station (Black)|Profitec|109|The Kitchen Barista
2a3a1b35-5103-4384-89fd-8e394bc1f517|ECM Round Knock box|ECM|119.99|HomeCoffeeSolutions.com
89443d94-c747-4a2b-9936-43cb31b7b411|Profitec Go (Stainless Steel) & DF64 Gen 2 (Black) - Bundle|Profitec|1764|The Kitchen Barista
764a5c13-591a-4a5b-95a7-4575b17c1589|ECM Synchronika Espresso Machine - Dual Boiler w/ PID Stainless Steel|ECM|4599|HomeCoffeeSolutions.com
dd677f2d-ef1f-4eda-adca-5d405a062da0|ECM Mechanika Max Espresso Machine - Open Box, Unused|ECM|2899|HomeCoffeeSolutions.com
28dc4f39-32a5-4916-b906-9b45b16b5e4f|Profitec Pro 500 Espresso w/PID Machine and DF64 Gen 2 Grinder (Black)- Bundle|Profitec|2899|The Kitchen Barista
d20db26a-a1f4-4aa7-930e-1f4ee1cf8989|Profitec Pro 600 Dual Boiler w/ PID (Open Box Unused)|Profitec|2646.16|The Kitchen Barista
abac5f0e-0a2a-4009-ace3-d9e176e93314|ECM Bottomless 58mm Portafilter - Angled|ECM|109.95|HomeCoffeeSolutions.com
09f16f1c-5287-4b01-970d-f9136bcccb9e|Profitec Pro 400 Espresso Machine (Open Box Unused)|Profitec|2499|The Kitchen Barista
3db8e973-0997-4c36-a005-d88cc8e24833|ECM Tamping Stand|ECM|null|HomeCoffeeSolutions.com
ce663714-fd23-4fb3-a70a-83bfd460d742|ECM 58mm Coffee Leveler / Tamper|ECM|155|HomeCoffeeSolutions.com
af683c11-e5b9-42a9-80b8-e9e831606b8e|Profitec Go Espresso Machine (Brushed Stainless Steel)|Profitec|1599|The Kitchen Barista
02609be1-c754-4a78-9082-d7075cedbb1e|ECM Coffee Distributor|ECM|null|HomeCoffeeSolutions.com
5557e4d7-d500-402b-bf68-8cb35ef73552|Profitec Pro 500 Espresso Machine w/ PID|Profitec|2779|The Kitchen Barista
fb96b6c1-06f8-40b2-8484-c6f05a56782c|ECM Synchronika Espresso Machine - Dual Boiler w/ PID (Special Edition White)|ECM|3995|HomeCoffeeSolutions.com
ace75d98-5c99-4434-aaa8-6e3fdba4bb76|Profitec Go (Blue) & Eureka Facile (Black) - Bundle|Profitec|1743|The Kitchen Barista
2a9d7ca8-e6e8-49f9-a886-76975c76e773|ECM C-Manuale 54 Burr Grinder (Stainless Steel)|ECM|709|HomeCoffeeSolutions.com
8113a70c-59c7-4323-90d6-3b7a427ff08b|Profitec Puck Screen|Profitec|29|The Kitchen Barista
965d75fb-fa63-4669-8bd5-34163980c2d2|ECM C-Manuale 54 Burr Grinder (Cream)|ECM|729|HomeCoffeeSolutions.com
d8129e78-2911-4923-8936-9b5e72602087|Profitec Go (Black) & Eureka Mignon Specialita Grinder (Black) - Bundle|Profitec|2072|The Kitchen Barista
c43fbe41-6b23-4080-8987-1465ccd5bf86|ECM C-Manuale 54 Burr Grinder (Anthracite)|ECM|729|HomeCoffeeSolutions.com
e5dd875d-38db-41b8-9699-1c82a74f6473|Profitec Go (Black) & DF64 Gen 2 (Black) - Bundle|Profitec|1764|The Kitchen Barista
9279721c-34ff-4b03-ac5d-4f51a8b81d21|ECM S-Automatik 64 Burr Grinder (Stainless Steel)|ECM|1249|HomeCoffeeSolutions.com
2062f1e3-3386-4f0d-8962-0c21ad9d50ea|Profitec Tamping Pad (Black)|Profitec|39|The Kitchen Barista
643a2a1f-533d-4ce3-8c74-1f00513c6287|ECM S-Automatik 64 Burr Grinder (Anthracite)|ECM|1349|HomeCoffeeSolutions.com
dc4cd5e5-da44-43a2-b3ae-55b4609c43de|Profitec Pro 500 Espresso Machine w/ Quick Steam (Open Box - Unused)|Profitec|2305|The Kitchen Barista
01bec604-997d-4450-acba-73692684f217|ECM Puristika Semi Automatic Espresso Machine (Cream)|ECM|2299|HomeCoffeeSolutions.com
729a61da-cf3e-4a63-ad71-5f4a1d9a1478|Profitec Go (Black) & Eureka Mignon Facile Grinder (Black) - Bundle|Profitec|1899|The Kitchen Barista
c046e7c5-a23b-4041-9ae5-24acded7fed7|ECM Puristika Semi Automatic Espresso Machine (Cream), ECM C-Manuale 54 Burr Grinder (Cream) & Accessories Bundle|ECM|2508.4|HomeCoffeeSolutions.com
37e71b0b-6003-42e5-af25-16fc6f6e61da|Profitec Pro 600 Dual Boiler w/ PID and Flow Control|Profitec|3649|The Kitchen Barista
1df31d8e-3415-45ac-9936-6cd8cfc8b0ff|ECM Puristika Semi Automatic Espresso Machine (Anthracite), ECM C-Manuale 54 Burr Grinder (Anthracite) & Accessories Bundle|ECM|2499.4|HomeCoffeeSolutions.com
51044372-97ca-4673-8cc6-79644d90be57|Profitec Drive Dual Boiler Espresso Machine with PID and Flow Control|Profitec|4699|The Kitchen Barista
1b5635da-74ef-4175-a5bb-58aaaec78ecc|ECM Synchronika Espresso Machine - Dual Boiler w/ PID (Heritage Edition)|ECM|3995|HomeCoffeeSolutions.com
dedbd05e-7be2-47c4-a01c-8b06b84f59d5|Profitec Pro 300 Espresso Machine (Black)|Profitec|2258|The Kitchen Barista
4d3cceb4-af4f-4b9d-81da-93d6683b5061|ECM Puristika Semi Automatic Espresso Machine (Cream) - OPEN BOX|ECM|1839.2|HomeCoffeeSolutions.com
8dd6c856-7f5d-421c-bf1c-e6e43b93f9b4|Profitec Go Espresso Machine (Yellow)|Profitec|1599|The Kitchen Barista
f9194874-5792-4eca-931d-a1ffe5bd13db|ECM Mechanika Slim PID Heat Exchange Espresso Machine|ECM|2999|HomeCoffeeSolutions.com
b7b36c7a-eee0-4b67-b476-7f678b5472b0|Profitec Go Espresso Machine (Red)|Profitec|1599|The Kitchen Barista
6c4c3da6-13eb-48bf-95a6-d8dca669fe6b|ECM Mechanika Slim PID Heat Exchange Espresso Machine - Open Box, Unused|ECM|2559.2|HomeCoffeeSolutions.com
ed9c25d4-7775-4b15-bc34-79cb6e55d166|Profitec Go Espresso Machine (Blue)|Profitec|1599|The Kitchen Barista
f606152e-6678-42d9-94d4-63cff1326dd4|ECM Synchronika II Espresso Machine - Dual Boiler w/ PID Stainless Steel - Open Box, Unused|ECM|4319|HomeCoffeeSolutions.com
e478c38b-f514-4d3c-bcf8-9e7b170a085d|Profitec Go Espresso Machine (Black)|Profitec|1599|The Kitchen Barista
8af41099-a9de-470f-b297-744159319be0|ECM Mechanika Max Espresso Machine with Eureka Oro Single Dose Pro (Matte Black) Bundle|ECM|4258.25|HomeCoffeeSolutions.com
cf3c968a-dfb7-4898-948c-8588327aba68|Profitec Pro T64 Flat Burr Grinder (Stainless Steel)|Profitec|1119|The Kitchen Barista
56fa8889-d9c1-47cb-80f0-eba5a551093f|ECM Mechanika Max Espresso Machine with Eureka Oro Single Dose (Matte Black) Bundle|ECM|4173.25|HomeCoffeeSolutions.com
b7c9ff9c-6988-4700-8db9-ddf8ee35b385|Profitec Pro M54 Flat Burr Grinder (Stainless Steel)|Profitec|639|The Kitchen Barista
944cb3fc-92dd-4dbe-aed8-aae97e2f3da4|ECM Mechanika Max Espresso Machine with DF83V Grinder (Matte Black) Bundle|ECM|4173.25|HomeCoffeeSolutions.com
205a9150-9684-43be-9264-0477a60348ff|Profitec Pro 700 Dual Boiler V2 w/ PID and Flow Control|Profitec|4449|The Kitchen Barista
1a3a1ee1-b7c8-4ff8-bb30-e21f73170e74|Profitec Pro 700 Dual Boiler V2|Profitec|4249|The Kitchen Barista
e9bf38df-25e5-4491-959e-c3ad8784ff4a|ECM Mechanika Max Espresso Machine with Eureka Mignon Libra 65 All Purpose Grinder (Chrome) Bundle - BACKORDERED|ECM|4453.2|HomeCoffeeSolutions.com
c960078b-240d-4190-815b-f908a6c58268|Profitec Pro 600 Dual Boiler w/ Quick Steam and Flow Control|Profitec|3649|The Kitchen Barista
168a7f90-3b80-4c74-9b47-6c7b58bb95de|ECM Mechanika Max Espresso Machine with Eureka Mignon Libra 65 All Purpose Grinder (Black) Bundle - BACKORDERED|ECM|4173.25|HomeCoffeeSolutions.com
7a4dc2fa-23ed-4d24-8f39-7eeea051020b|Profitec Pro 600 Espresso Machine w/ Quick Steam|Profitec|2999|The Kitchen Barista
4550a0eb-e763-46c0-9af4-5dd985ea6527|ECM Mechanika VI Slim Espresso Machine with Eureka Facile Grinder (Matte Black) Bundle|ECM|2728.35|HomeCoffeeSolutions.com
94004c32-09ff-4874-b1a4-126333d81895|Profitec Pro 600 Dual Boiler w/ PID|Profitec|3095|The Kitchen Barista
93fe9958-3a5d-4693-b131-d7a614f1ecb6|ECM Mechanika VI Slim Espresso Machine with Eureka Mignon Silenzio 55 Grinder (Black) Bundle|ECM|2923.25|HomeCoffeeSolutions.com
8cbc0d3c-c958-4d5c-aec7-0607ff21f4ac|Profitec Pro 500 Espresso Machine w/ PID and Flow Control|Profitec|3049|The Kitchen Barista
7f4baa3e-89a7-487a-bc31-30cea8f8ab6d|ECM Synchronika II Espresso Machine with DF83V Grinder (Silver) Bundle|ECM|5068.25|HomeCoffeeSolutions.com
27d41328-de88-4f44-8922-025380612fa8|Profitec Pro 500 Espresso Machine w/ Quick Steam|Profitec|2949|The Kitchen Barista
cb83320d-395d-47e7-b569-5d3c470481e9|ECM Synchronika II Espresso Machine with Mazzer Philos Grinder (Black) Bundle|ECM|5662.25|HomeCoffeeSolutions.com
e62314a3-9dc9-48d9-8602-2cfb77f5f88c|Profitec Pro 500 Espresso Machine w/ PID (Open Box - Unused)|Profitec|2305|The Kitchen Barista
ca28f8b7-d1af-487f-b537-74ef519b8441|ECM Synchronika II Espresso Machine with DF64 Gen 2 Grinder (Black) Bundle|ECM|4578.15|HomeCoffeeSolutions.com
773572ad-fa1d-40fd-9f3f-457005a235c2|Profitec Pro 800 Lever Espresso Machine 2022 Version (Stainless Steel)|Profitec|4499|The Kitchen Barista
016e5000-224a-4cc1-b29c-217112243cec|ECM Mechanika Max Espresso Machine with DF64 Gen 2 DLC Burr Grinder (Black) Bundle|ECM|3618|HomeCoffeeSolutions.com
9e6a2b7e-b681-49b4-8923-357b3a036d2e|Profitec Pro 400 Espresso Machine|Profitec|2599|The Kitchen Barista
dc4074fc-3ef2-4f42-bb92-4962507201dd|ECM Round Knock box|ECM|null|HomeCoffeeSolutions.com
d2477fc4-3d94-4309-a308-c41849e41027|Profitec Pro 300 Espresso Machine (Stainless Steel)|Profitec|2258|The Kitchen Barista
634d1fac-b6ee-4322-abff-56e0a7c81cce|ECM Flat Tamper - 58mm|ECM|null|HomeCoffeeSolutions.com
978ab281-dbcf-43d3-a944-19ebe13fdfd0|ECM Classika PID Semi-Automatic Espresso Machine (Stainless Steel)|ECM|2249|The Kitchen Barista
14e481a4-8be9-49fe-bd74-c3fcf7813c3b|ECM Classika II PID Espresso Machine (Stainless Steel) - Open Box, Unused|ECM|1899.99|HomeCoffeeSolutions.com
0d426ff3-4eed-4692-9a25-9241a1a4bd8e|ECM Synchronika PID Semi-Automatic Espresso Machine (Open Box Demo Unit-Stainless Steel)|ECM|3849.99|The Kitchen Barista
0831a3f2-f880-400f-8b74-6335e29f2c67|ECM Milk Frothing Pitcher 600ml|ECM|60|HomeCoffeeSolutions.com
7736976c-3852-4156-afc6-ac04a3b63fc6|ECM Technika V Profi PID Semi-Automatic Machine|ECM|3499|The Kitchen Barista
e7fd1469-2090-4de2-823a-860ea0e5822b|ECM Puristika Semi Automatic Espresso Machine (Anthracite) - Open Box, Unused|ECM|1839.2|HomeCoffeeSolutions.com
ffd2f704-0804-477a-9484-131874fc664b|ECM V Titan 64mm Burr - Espresso Grinder|ECM|1959|The Kitchen Barista
2460e0e5-9d2c-49ac-b201-d367d1c56593|ECM Mechanika VI Silm Espresso Machine Heritage Line|ECM|2795|HomeCoffeeSolutions.com
59348621-cf39-4016-933c-37867852b5d6|ECM Mechanika Max Heat Exchanger (HX) Espresso Machine with PID, ECM S-Automatik 64 Burr Grinder (Stainless Steel) & Barista Tools Bundle|ECM|4111.75|HomeCoffeeSolutions.com
191e41e0-9a31-4a96-88ac-642e9a16803b|ECM Synchronika PID Semi-Automatic Espresso Machine (Anthracite)|ECM|3995|The Kitchen Barista
0e7d1433-1f49-4b43-808d-c5a678e3fa0d|ECM Mechanika VI Slim Espresso Machine with DF64 Gen 2 Grinder with DLC Burrs (Black) Bundle|ECM|2699.25|HomeCoffeeSolutions.com
b7572711-037b-4c55-ab8f-7734ba9d1e69|ECM Caffe Latte Glass - Set of 12|ECM|79.95|HomeCoffeeSolutions.com
07652538-7ed1-4552-8c50-ca5271d21659|ECM C-Manuale 54 Espresso Grinder (Cream)|ECM|729|The Kitchen Barista
17d3a3c9-b168-42e8-8158-1118c55cc4bf|ECM Synchronika Espresso Machine - Dual Boiler w/ PID (Special Edition Black)|ECM|3995|HomeCoffeeSolutions.com
5db04d7a-86f8-4f40-8df0-d2772d0f0ac4|ECM C-Manuale 54 Espresso Grinder (Anthracite)|ECM|729|The Kitchen Barista
63d6543a-cd73-434a-a3b0-07143733a134|ECM Synchronika Espresso Machine - Dual Boiler w/ PID and Flow Control  (Heritage Edition)|ECM|4195|HomeCoffeeSolutions.com
86f8fb99-dbf9-4816-9a03-7b1738732ad2|ECM S-Automatik 64 Espresso Grinder (Stainless Steel)|ECM|1249|The Kitchen Barista
8b592eb3-d511-4c5d-a2d6-9351fec13d15|ECM Mechanika VI Silm Espresso Machine|ECM|2699|HomeCoffeeSolutions.com
9f9ce635-5042-4774-ab01-03db8e24f76f|ECM S-Automatik 64 Espresso Grinder (Anthracite)|ECM|1249|The Kitchen Barista
5eb0c219-8035-4fe2-935e-4a1f4f08f868|ECM Mechanika VI Silm Espresso Machine - Demo, Unused|ECM|2156|HomeCoffeeSolutions.com
7a5ec2f6-a279-4c8c-aa2a-953a43504411|ECM Round Knockbox|ECM|119|The Kitchen Barista
eb0f2558-4e6a-4ea3-a959-69fbf19496fc|ECM Puristika Semi Automatic Espresso Machine (Anthracite)|ECM|2199|HomeCoffeeSolutions.com
d4a2a887-084a-456e-ba3d-c4b004126ee6|ECM Technika V Profi Espresso Machine w/ PID(Stainless Steel)|ECM|3499|HomeCoffeeSolutions.com
1c0a0b29-7a11-4288-9ee6-0be8f6251f0f|ECM Knock Box (Drawer)|ECM|199|The Kitchen Barista
d0bb6122-fdad-40bb-a552-0f2965a9fe30|Eureka - Oro Mignon Single Dose Grinder V1 - Chrome (OPEN BOX)|Idrinkcoffee|929.99|Cafe Liegeois
cf7b5be4-c1e2-4d8e-bc0c-6d5462ce3060|ECM Coffee Distributor|ECM|155|HomeCoffeeSolutions.com
7dea86c3-621d-408f-b87e-b2343a5b0371|ECM Puristika Semi-Automatic Espresso Machine (Anthracite)|ECM|2199|The Kitchen Barista
553b4ac3-0d1b-4035-b182-e26c3448528a|ECM Synchronika II Espresso Machine - Dual Boiler w/ PID Stainless Steel|ECM|4799|HomeCoffeeSolutions.com
c33afbb1-ef03-44bf-a490-14d98be623ac|Eureka - Helios 65 Espresso Grinder - Black (OPEN BOX)|Idrinkcoffee|1299.99|Cafe Liegeois
098842f7-7743-4f1d-b919-9c5ed9cebd36|ECM Mechanika Max & Fiorenzato AllGround Sense (Matte Artic White) Bundle|ECM|4299.99|The Kitchen Barista
db90b94f-6f50-4dc5-8316-2e56b2ef450b|ECM Tamping Stand|ECM|89|HomeCoffeeSolutions.com
26e168a8-e354-4b00-b91b-f948421a9257|ECM Mechanika Max & Eureka Libra (White) Bundle|ECM|3999|The Kitchen Barista
cbc77c20-1e33-4f33-ae5e-3253d393a7d3|Eureka - Mignon Silenzio (DEMO)|Idrinkcoffee|599|Cafe Liegeois
8a5b424b-962b-4a9c-849d-5d715c9dffaf|ECM Flat Tamper - 58mm|ECM|79|HomeCoffeeSolutions.com
c9c8b904-375d-4898-b044-1665508866a6|ECM Mechanika Slim With PID Display Semi-Automatic Espresso Machine|ECM|2999|The Kitchen Barista
eafef654-5748-4ac8-af8e-4e58559d055c|Eureka - Zero 65 AP|Idrinkcoffee|749|Cafe Liegeois
feda2db1-6262-44e2-89ab-dc5f1cbb4860|ECM Classika II PID Espresso Machine (Stainless Steel)|ECM|2249|HomeCoffeeSolutions.com
1c40e975-8d84-4c94-91d4-82e5b3da0dfa|ECM Mechanika Slim With PID Display Semi-Automatic Espresso Machine (Open Box)|ECM|2839|The Kitchen Barista
9ed5496a-ba35-4953-8ed4-24d937cdfe1c|Eureka - Zero 65 AP - White (OPEN BOX)|Idrinkcoffee|699|Cafe Liegeois
305fca46-1236-483a-b257-2f11e2b8bae4|ECM Synchronika II Espresso Machine - Dual Boiler w/ PID Stainless Steel and Flow Control|ECM|4898|HomeCoffeeSolutions.com
82dffc3f-37df-4b93-bc0d-4974cfdae245|Eureka - Oro Mignon Single Dose Pro|Idrinkcoffee|1199.99|Cafe Liegeois
2b94e826-0351-4d1c-a123-ac92c34e05fc|ECM Synchronika II PID Semi-Automatic Espresso Machine (Open Box - Stainless Steel)|ECM|4319|The Kitchen Barista
9e0ec560-347c-4d83-afe2-9cc36c8d21f8|ECM E61 Group Head Flow Control Upgrade|ECM|299|HomeCoffeeSolutions.com
3c3d536c-49f0-4aec-af6f-7a20ecbe5f21|ECM E61 Flow Control Device|ECM|295|The Kitchen Barista
469dc85d-05ae-4aab-aea2-779001f4df2f|Eureka - Oro Mignon Single Dose Grinder - Black (OPEN BOX)|Idrinkcoffee|999.99|Cafe Liegeois
35c15e38-5920-41bd-8430-4bdb2ad8205b|ECM Synchronika II Espresso Machine (Chrome) & Eureka Mignon Zero 65 AP (Chrome) - Bundle|ECM|5099|The Kitchen Barista
e3333277-8296-402f-a66f-2b4b2a887351|ECM Mechanika Max Heat Exchanger (HX) Espresso Machine with PID|ECM|3599|HomeCoffeeSolutions.com
9bce7a8b-9b56-42ba-a0ac-fd9d05ef883c|Eureka - Mignon Libra 65 AP - Grind by Weight|Idrinkcoffee|1299.99|Cafe Liegeois
5d73f78c-3639-427a-ab3e-f92a3a160e59|ECM Synchronika II Espresso Machine (Chrome) & Mahlkonig X54 Grinder (Chrome) - Bundle|ECM|4999|The Kitchen Barista
d368e3bf-514b-4a9a-a9ae-db14e2776de9|Eureka - Atom Tall Bean Hopper|Idrinkcoffee|175|Cafe Liegeois
3f358565-9193-4012-b178-c80e0284c3ca|ECM Mechanika Max & DF64 Grinder (Black) Bundle|ECM|3618|The Kitchen Barista
91c9c324-40af-4003-9dc7-ed1a8249f8cd|Eureka - Mignon Silenzio 55|Idrinkcoffee|629.99|Cafe Liegeois
8cf31a7e-520d-4608-b4d2-22646746ef95|ECM Mechanika Max & DF64 Grinder (White) Bundle|ECM|3618|The Kitchen Barista
64835afb-25d8-413a-85cb-cefc1118af8e|Eureka - Mignon XL|Idrinkcoffee|1149|Cafe Liegeois
110148cc-79e1-4675-8521-777ba7b57bcc|Eureka - Atom Excellence 65 Grinder|Idrinkcoffee|1619|Cafe Liegeois
31667433-f3c3-45d3-9e71-e3a7dfb6ab55|Eureka Mignon Single Dose Hopper|Idrinkcoffee|65|Cafe Liegeois
c2626bd3-126d-4f13-9993-b0b1548e38aa|ECM Mechanika Max & Eureka Libra 65 AP (Black) Bundle|ECM|4173.15|The Kitchen Barista
3b254736-503c-4db2-8e9d-7e7b367fe370|Eureka - Mignon Single Dose Blow Up Cleaning|Idrinkcoffee|70|Cafe Liegeois
5df59c01-89ff-4704-8675-8011657c502c|ECM Mechanika Max & Eureka Libra 65 AP (Chrome) Bundle|ECM|4273.25|The Kitchen Barista
9bf4cd38-000b-4805-afff-3abaa9c37c2c|Eureka - Atom W 75 GBW|Idrinkcoffee|2359|Cafe Liegeois
83998625-bce1-4ddb-b30e-a572f779fe2e|ECM Mechanika Max & Eureka Libra 65 AP (White) Bundle|ECM|4173.25|The Kitchen Barista
8fa231ab-8918-40e3-833f-2dd58a919045|Eureka - Atom W 65 GBW|Idrinkcoffee|1819|Cafe Liegeois
a77ed6a1-d7e1-4a29-a434-d07a9e9414d3|ECM Mechanika Max & Eureka Oro Single Dose Pro (Black) Bundle|ECM|4258|The Kitchen Barista
00ae1031-b096-47ae-af76-b620fb8c298d|Eureka - Olympus 75-E|Idrinkcoffee|1799|Cafe Liegeois
fecf9b8d-902b-4172-bbc8-67f23cd2c5f9|ECM Mechanika Max & Eureka Oro Single Dose Pro (White) Bundle|ECM|4258|The Kitchen Barista
b1c168ae-5d7f-47a0-b655-2f3b32851e82|Otto - Dante 65 black by Eureka|Bellucci - Saeco|1095|Cafe Liegeois
66c4f963-78e0-4759-bc43-a990fcfe6546|ECM Mechanika Max & Eureka Oro Single Dose Pro (Chrome) Bundle|ECM|4299|The Kitchen Barista
3b0826c2-a2e1-4cf7-a2f1-9cbfc602bb68|Eureka - Helios 65 Espresso Grinder|Idrinkcoffee|1479|Cafe Liegeois
8025017e-4821-43c9-bd25-c33bcf7e1f56|ECM Puristika Semi-Automatic Espresso Machine (Cream)|ECM|2299|The Kitchen Barista
6567e766-8be0-45fc-b1e1-8c2f3e0b7e8f|Eureka - Zenith Neo 65E|Idrinkcoffee|1199.99|Cafe Liegeois
7e4be007-8805-41cd-8b78-0e6d110bad7d|ECM C-Manuale 54 Espresso Grinder (Stainless Steel)|ECM|709|The Kitchen Barista
9a750fe4-dcaa-45a1-a7fe-97a1e679aa97|Eureka - Mignon Zero - Single Dose Grinder|Idrinkcoffee|579|Cafe Liegeois
6dd29249-4c88-4d40-8f2c-746d8a69afba|ECM Convex Base Tamper 58mm|ECM|78.99|The Kitchen Barista
9ef2e475-a90c-46d5-b8c8-6f67c961200a|Eureka - Oro Mignon Single Dose Grinder + Free Timemore Mini Scale|Idrinkcoffee|1099|Cafe Liegeois
8dc66c3a-4eea-4b36-9e59-52a0a9e06a3d|ECM Synchronika PID with Flow Control Semi-Automatic Espresso Machine (Anthracite)|ECM|4245|The Kitchen Barista
216ece1e-35a6-4dc1-adfe-bd24ee7a2e1d|Eureka - Mignon Facile|Idrinkcoffee|449.99|Cafe Liegeois
cfa65951-7064-4025-a90d-70f018864609|ECM Knock Box M (Drawer)|ECM|195|The Kitchen Barista
15e205f5-4fab-4a25-914c-f333342737fd|Eureka - Mignon Specialita|Idrinkcoffee|799|Cafe Liegeois
c6366a2c-6ab1-4287-8a59-d0d0daae31ce|ECM Synchronika PID Semi-Automatic Espresso Machine Anthracite (Open Box)|ECM|3100|The Kitchen Barista
b788b1d4-fc58-47fd-baa8-5cf4af9db269|Profitec - RIDE Dual Boiler Espresso Machine|Idrinkcoffee|3590|Cafe Liegeois
eefe5deb-deac-4c59-8224-9cd5c7de8e87|ECM Puristika Semi-Automatic Espresso Machine (Black)|ECM|2199|The Kitchen Barista
d3bfa275-7a96-46c3-a7d8-40304d041ff0|Profitec - Pro 500 Espresso Machine w/ PID (OPEN BOX)|Idrinkcoffee|2699|Cafe Liegeois
ec0b96e4-3f72-4a54-8d53-9d9eea0bcfba|ECM Mechanika VI Slim Semi-Automatic Espresso Machine (Stainless Steel)|ECM|2699|The Kitchen Barista
f88e4e08-03b4-4c6e-857e-83ece87c665a|Profitec - Twist A54|Idrinkcoffee|849|Cafe Liegeois
3c2a6100-b88c-487b-8391-6a2f6e9eace7|ECM Synchronika II PID Semi-Automatic Espresso Machine (Stainless Steel)|ECM|4799|The Kitchen Barista
75653688-bde6-44a4-bc06-f6ce873d46d7|Profitec - Pro 700 Drive (OPEN BOX)|Idrinkcoffee|4230|Cafe Liegeois
aa6eaf6f-0894-4564-946c-e1f68138fe75|ECM Mechanika VI Slim Semi-Automatic Espresso Machine (Open Box - Unused)|ECM|2156|The Kitchen Barista
0de82fcf-b798-4a10-8bbd-ae5e8be5f13a|ECM - Premium Stainless Steel Olive Wood Portafilter - 58mm - Bottomless|Idrinkcoffee|249|Cafe Liegeois
b978589c-2edb-406b-b51e-230b1affdcc4|ECM Flat Base Tamper 58mm|ECM|78.99|The Kitchen Barista
09c7fcb7-c3b6-4744-b5b6-ca347cc08782|Profitec Pro 500 - Profitec T64 (Bundle)|Idrinkcoffee|3798.1|Cafe Liegeois
41921bf1-031c-4488-90ae-eefff28eb312|ECM Mechanika Max Espresso Machine|ECM|3599|The Kitchen Barista
46cd9dca-cc35-4d5c-a89e-a3b6b786fe9c|Profitec - Pro 500 / Eureka - Mignon Specialita Chrome (Bundle)|Idrinkcoffee|3418|Cafe Liegeois
48b80449-ce85-400f-8b70-f09639bcf6ef|ECM Synchronika PID with Flow Control Semi-Automatic Espresso Machine (Stainless Steel)|ECM|4245|The Kitchen Barista
c04e55e4-aaf0-4a44-90eb-e394485757ce|Profitec - GO & Eureka - Mignon Facile (Bundle)|Idrinkcoffee|1945.85|Cafe Liegeois
a0faab50-bb2f-457f-8208-039c962f51f3|ECM Mechanika Max Espresso Machine (Open Box Unused)|ECM|2899|The Kitchen Barista
7eaa5f74-0153-4ba4-ad3b-cdf36838ec00|Profitec - Pro T64 Grinder|Idrinkcoffee|1199|Cafe Liegeois
9d8294cc-73d8-4807-98ce-8d4aa3253dcc|ECM Synchronika II PID with Flow Control Semi-Automatic Espresso Machine (Stainless Steel)|ECM|4898|The Kitchen Barista
0c11bac8-3dba-4a04-bde8-786999791293|Profitec - Pro 800|Idrinkcoffee|4499.99|Cafe Liegeois
7487523c-a502-4ec6-a913-eb7ae1df2e81|Profitec - Pro 700 Drive|Idrinkcoffee|4699.99|Cafe Liegeois
59a30ac0-0a78-4914-90b5-ff0b309e1263|Profitec - Pro 500 Espresso Machine w/ PID|Idrinkcoffee|2799|Cafe Liegeois
01b71095-57de-4875-9ed9-f2ce951a1ee7|Profitec - Pro 400 - Espresso Machine|Idrinkcoffee|2599|Cafe Liegeois
8894beff-e660-4d88-b085-084ad9569f45|Profitec - Pro 300 Dual Boiler Espresso Machine w/PID|Idrinkcoffee|2509.99|Cafe Liegeois
d559d8df-c2cb-4bea-acf3-0b639f25f08a|Profitec - Go|Idrinkcoffee|1599.99|Cafe Liegeois
be6ba124-f128-41d7-a7e2-2e9c3f711671|ECM - Olive Wood Accessory Kit - Rotary Style|Idrinkcoffee|595|Cafe Liegeois
2d94b1ee-1cb8-48c8-a731-a37a10b0613a|ECM - Puristika Espresso Machine (RETURN)|Idrinkcoffee|1759|Cafe Liegeois
c46ff377-8a9a-45d9-9821-284d23eff6cc|ECM - Synchronika II|Idrinkcoffee|4799|Cafe Liegeois
e13af57d-78ec-4483-a609-869fd49b3b3e|ECM/Profitec AquaAroma Crema Water Softener|Idrinkcoffee|30|Cafe Liegeois
c41f7057-7193-44f8-a1f6-52b0dd4f83c8|ECM - Mechanika Slim PID Espresso Machine|Idrinkcoffee|2999.99|Cafe Liegeois
ed13b228-c906-4190-a521-943fb9d3b375|ECM - Synchronika Dual Boiler w/PID - Heritage Edition|Idrinkcoffee|4519.99|Cafe Liegeois
62e0b94d-dffd-410c-8bef-13fa274bcc7d|ECM - Bottomless (Naked) Portafilter - 58mm|Idrinkcoffee|119|Cafe Liegeois
1514f9fa-d12c-4672-a037-8d01dcdab4e2|ECM - Puristika Espresso Machine|Idrinkcoffee|2199|Cafe Liegeois
1654ea0c-0f31-4e9b-a398-c31e43795dd2|ECM - Mechanika VI Slim|Idrinkcoffee|2699|Cafe Liegeois
edc2ecaa-fc46-4478-bf78-977895731d4d|ECM - Mechanika Max|Idrinkcoffee|3599|Cafe Liegeois
1490c726-12b4-4b44-969d-af56b49d9f12|ECM - Technika V Profi Espresso Machine w/ PID|Idrinkcoffee|3499.99|Cafe Liegeois
2c515515-8853-4378-8bca-dc1136db8fd6|ECM - Classika with PID|Idrinkcoffee|2249|Cafe Liegeois
9e0699a0-e161-454b-a796-896ebd8ef81c|Eureka Helios 65 Coffee Grinder (White)|Eureka|1257|The Kitchen Barista
3a631ce1-e478-4a85-a788-8f62e4ebabd5|Eureka Mignon Silenzio Flat Burr Coffee Grinder (Glossy Black)|Eureka|729|The Kitchen Barista
7d94796c-d53e-441c-8c0c-8da8a214cb6f|Eureka Mignon Silenzio Flat Burr Coffee Grinder (Lime Green)|Eureka|729|The Kitchen Barista
e104a212-0ff6-4dc5-9ceb-d3dc5e6a0d4d|Eureka Mignon Silenzio Flat Burr Coffee Grinder (Orange)|Eureka|729|The Kitchen Barista
7da0128c-9fab-4fba-96d1-4a6aaa78582c|Eureka Mignon Silenzio Flat Burr Coffee Grinder (Tiffany Blue)|Eureka|729|The Kitchen Barista
7887aacf-b799-407e-991c-a61626d1e5d1|Eureka Mignon Silenzio Flat Burr Coffee Grinder (Yellow)|Eureka|729|The Kitchen Barista
a553548f-144c-4db2-88e4-d62ee52cb5d6|Eureka Mignon Specialita Flat Burr Coffee Grinder (Amaranth)|Eureka|829|The Kitchen Barista
daf66027-b1d2-49e6-b378-a755090f78d0|Eureka Mignon Specialita Flat Burr Coffee Grinder (Stone)|Eureka|933|The Kitchen Barista
53883e0f-027a-4a20-b3cf-2484a611ac9d|Eureka Oro Mignon Stark Grinder (Chrome)|Eureka|1299|The Kitchen Barista
75c6403b-1f82-468c-afe1-7d7b80392bea|Eureka Zenith 65 Neo (Chrome)|Eureka|1299|The Kitchen Barista
6df62476-b674-42b2-ad92-f6ed5e9b404c|Eureka Mignon Specialita Flat Burr Coffee Grinder (Ivory White)|Eureka|789.65|The Kitchen Barista
afb07843-c07b-431a-91f3-5375e8526f49|Eureka Mignon Zero Grinder (Ivory)|Eureka|749|The Kitchen Barista
676068f4-684c-4d99-8467-4b7a5ea73f3c|Eureka Mignon Perfetto Burr Coffee Grinder (Anthracite)|Eureka|929|HomeCoffeeSolutions.com
9f05f11b-1e3e-44e7-bfbd-4bd5d951b366|Eureka Mignon Perfetto Burr Coffee Grinder (Amaranth)|Eureka|929|HomeCoffeeSolutions.com
4547efd8-a74a-4815-858e-a878248e8dc1|Eureka Oro Mignon Stark Grinder (White)|Eureka|1249|The Kitchen Barista
f9f7586a-caef-4a8a-bc07-81b578f40fba|Eureka Mignon Perfetto Burr Coffee Grinder (Aged Copper)|Eureka|929|HomeCoffeeSolutions.com
3c1a71b9-42ba-452e-a78f-be2487e02936|Eureka Olympus 75 E Grinder (Black)|Eureka|1609|The Kitchen Barista
e0fd7004-4beb-4a3e-81bf-d1e4313acafe|Eureka Mignon Perfetto Burr Coffee Grinder (Glossy Black)|Eureka|929|HomeCoffeeSolutions.com
bfd2818b-843c-4624-8ee2-88ef80762358|Eureka Mignon Brew Pro Coffee Grinder (White)|Eureka|636.75|The Kitchen Barista
08d9be49-6b83-47b8-8e8a-bb13ef4bb739|Eureka Mignon Perfetto Burr Coffee Grinder (Matte Black)|Eureka|929|HomeCoffeeSolutions.com
86177404-c4f8-46ea-8622-caea2c745563|Eureka Mignon Perfetto Burr Coffee Grinder (Red)|Eureka|929|HomeCoffeeSolutions.com
4b1a2408-bfac-4c99-b348-b4065c34f8d1|Eureka Mignon Perfetto Burr Coffee Grinder (Silver)|Eureka|929|HomeCoffeeSolutions.com
ec52218c-ddca-4a49-82ea-bbab144b791c|Eureka Mignon Perfetto Burr Coffee Grinder (Tiffany Blue)|Eureka|929|HomeCoffeeSolutions.com
c4362565-91c1-4a2b-946f-403e97ea4522|Eureka Mignon Specialita | Quiet Flat Burr Coffee Grinder (Whitened Oak)|Eureka|1049.95|HomeCoffeeSolutions.com
5c5f67a8-1cf5-4892-a201-3d66d42496c4|Eureka Mignon Specialita | Quiet Flat Burr Coffee Grinder (Natural Oak)|Eureka|1049.95|HomeCoffeeSolutions.com
4809a6d6-aa0b-4c5d-b148-3716263ba6b3|Eureka Atom Specialty 75 Coffee Grinder (Chrome)|Eureka|2019|HomeCoffeeSolutions.com
9b7e9879-9e15-4a58-a2c3-326296c8cb46|Eureka Mignon Specialita | Quiet Flat Burr Coffee Grinder (Anthracite)|Eureka|879|HomeCoffeeSolutions.com
ea448950-708c-4957-ba5e-40b14ca7ea84|Eureka Mignon Specialita | Quiet Flat Burr Coffee Grinder (Aged Copper)|Eureka|929|HomeCoffeeSolutions.com
6167ce22-55a6-4118-be30-16b4c166768a|Eureka Mignon Specialita | Quiet Flat Burr Coffee Grinder (Walnut)|Eureka|1049.95|HomeCoffeeSolutions.com
3aa7331e-6050-4ed9-92c8-0ae235835129|Eureka Mignon Specialita | Quiet Flat Burr Coffee Grinder (Lime Green)|Eureka|879|HomeCoffeeSolutions.com
6b861974-3211-4eda-9240-aeffc24f8f87|Eureka Mignon Specialita | Quiet Flat Burr Coffee Grinder (Stone)|Eureka|1099|HomeCoffeeSolutions.com
a564cc4d-78c4-4664-b188-b212d3142990|Eureka Oro Mignon Dolce Vita (Chrome)|Eureka|1049|HomeCoffeeSolutions.com
a5448096-8ea4-4f14-aef5-7a818a8e3b37|Eureka Atom Excellence 65 Grinder (Matte Black)|Eureka|1619|HomeCoffeeSolutions.com
7ef387e3-baf5-4878-9023-ac9d641f3e3d|Eureka Disko Automatic Tamper|Eureka|999|HomeCoffeeSolutions.com
fbc3d2b3-69d5-45c2-99d2-4c2eefab2574|Eureka Mignon Specialita | Quiet Flat Burr Coffee Grinder (Blue)|Eureka|879|HomeCoffeeSolutions.com
1090b21d-f7ec-4efe-9bc1-5dcb34df2b88|Eureka Mignon Perfetto Burr Coffee Grinder (White)|Eureka|929|HomeCoffeeSolutions.com
efab54db-ccca-4083-9056-ed3e2f03bd04|Eureka Mignon Zero | Single Dose Coffee Grinder (Lime Green)|Eureka|779|HomeCoffeeSolutions.com
6fa5acfe-3edf-4f3e-8daa-4c9763f479d9|Eureka Mignon Perfetto Burr Coffee Grinder (Chrome)|Eureka|979|HomeCoffeeSolutions.com
d47a69b4-4efa-400c-83de-7525f911b387|Eureka Mignon Specialita | Quiet Flat Burr Coffee Grinder (Pale Blue)|Eureka|879|HomeCoffeeSolutions.com
02b6fd4b-8fe5-4b08-966a-04af651819be|Eureka Mignon Zero | Single Dose Coffee Grinder (Ivory)|Eureka|599|HomeCoffeeSolutions.com
a74e58e2-83f4-4a83-bfb4-f53fa97398be|Eureka Oro Mignon Single Dose Pro Grinder (Chrome)|Eureka|1249|HomeCoffeeSolutions.com
c01ebaa4-0290-4f40-8042-32848d752368|Eureka Mignon Specialita | Quiet Flat Burr Coffee Grinder (Amaranth)|Eureka|879|HomeCoffeeSolutions.com
69527345-c8f1-4d1a-a8f8-33d16b1758e7|Eureka Mignon Specialita | Quiet Flat Burr Coffee Grinder (formerly known as Tiffany Blue / Azzurro Scuro)|Eureka|879|HomeCoffeeSolutions.com
7f363646-746a-47fa-9b03-32fa0740df9d|Eureka Mignon Zero | Single Dose Coffee Grinder (Textured Black)|Eureka|779|HomeCoffeeSolutions.com
986eb6bd-0fec-4c2d-9e19-abe7850d7320|Eureka Mignon Specialita | Quiet Flat Burr Coffee Grinder (Silver)|Eureka|849|HomeCoffeeSolutions.com
0020bce2-e7ae-4643-8c1b-03f61d04795c|Eureka Mignon XL Coffee Grinder (Chrome)|Eureka|1069|HomeCoffeeSolutions.com
0d002bb4-ea3b-4753-aceb-ae7d7c43c719|Eureka Mignon Mat Kit with Tamping Station|Eureka|89.95|HomeCoffeeSolutions.com
c2e92410-8f88-45f9-8aed-02d99f5056eb|Eureka Mignon Specialita | Quiet Flat Burr Coffee Grinder (Glossy Black)|Eureka|879|HomeCoffeeSolutions.com
499cd4e7-f550-4984-9a78-dc78ad5383ea|Eureka Oro Mignon Single Dose Grinder | Inclined To Zero Retention Grinder v1.1 (Chrome)|Eureka|1079.97|HomeCoffeeSolutions.com
9461689e-1a0b-4242-8368-91ce508cff11|Eureka Mignon Silenzio 50mm Grinder (White)|Eureka|699|HomeCoffeeSolutions.com
fcea526d-6518-47e6-ae8c-634d27e8abb5|Eureka Oro Mignon Single Dose Grinder | Inclined To Zero Retention Grinder v1.1 (White)|Eureka|1099|HomeCoffeeSolutions.com
caad125e-6cfb-47ef-bcb3-1ec06f0fe0b4|Eureka Mignon Specialita | Quiet Flat Burr Coffee Grinder (Chrome)|Eureka|899|HomeCoffeeSolutions.com
574c7564-eee7-41a6-a06f-e1eea60fcd90|Eureka Mignon Crono Burr Grinder (Matte Black)|Eureka|299|HomeCoffeeSolutions.com
08683c31-f569-4590-8ac4-ca929a5ff963|Eureka Mignon Specialita | Quiet Flat Burr Coffee Grinder (White)|Eureka|849|HomeCoffeeSolutions.com
234257e2-ee18-4b8b-a9a6-806e06a5b8ee|Eureka Mignon Specialita | Quiet Flat Burr Coffee Grinder (Matte Black)|Eureka|849|HomeCoffeeSolutions.com
336b0dac-cf74-415f-a351-90f8cc606c6c|Eureka Helios 65 Coffee Grinder (Black)|Eureka|1495|HomeCoffeeSolutions.com
8823b8bc-a5ec-4e90-bcf6-2bf292c17b69|Eureka Helios 65 Coffee Grinder (Chrome)|Eureka|1595|HomeCoffeeSolutions.com
3641deaa-092e-4edf-8e93-8ddd0fc5df57|Eureka Zenith 65 Neo (White)|Eureka|1199|HomeCoffeeSolutions.com
a1096f92-12c5-4a29-8436-60808c536cf5|Eureka Zenith 65 Neo (Silver)|Eureka|1299|HomeCoffeeSolutions.com
2c4dd911-e82c-4740-b0b3-e0e9d9f30109|Eureka Zenith 65 Neo (Chrome)|Eureka|1299|HomeCoffeeSolutions.com
3fd8681d-1857-4e60-a66b-564e5a66b364|Eureka Olympus 75 Coffee Grinder (Black) - BACKORDERED|Eureka|1899|HomeCoffeeSolutions.com
8ade92ae-2dec-459f-876e-890d1d82bdf8|Eureka Atom Specialty 75 Coffee Grinder (White)|Eureka|2019|HomeCoffeeSolutions.com
214a79a5-30d0-4d63-8370-791ceb30d9ff|Eureka Atom Specialty 75 Coffee Grinder (Black)|Eureka|2019|HomeCoffeeSolutions.com
33a2e369-70c1-41d6-9c25-c07448f183d7|Eureka Mignon Silenzio 50mm Grinder (Blue)|Eureka|699|HomeCoffeeSolutions.com
0ad05b83-e06d-47db-82e9-da6ce25a2da9|Eureka Mignon Silenzio 55mm Grinder (Pale Blue)|Eureka|729|HomeCoffeeSolutions.com
ac9ff799-b456-4df2-819a-d8cc4b1c4684|Eureka Mignon Zero | Single Dose Coffee Grinder (Blue)|Eureka|599|HomeCoffeeSolutions.com
18ce6b2a-a4fb-49ca-a068-2fe1cffb6421|Eureka Mignon Silenzio 50mm Grinder (Amaranth)|Eureka|679|HomeCoffeeSolutions.com
701967b5-e2c2-4294-9ca8-cd7582e0e885|Eureka Oro Mignon Dolce Vita (Matte Black)|Eureka|1049|HomeCoffeeSolutions.com
a87b808b-132f-4bb7-86f6-15af64d5a9d1|Eureka Oro Mignon Dolce Vita (Ferrari Red)|Eureka|1049|HomeCoffeeSolutions.com
576ce207-9a3e-4026-b4a7-97247611a94e|Eureka Oro Mignon Dolce Vita (White)|Eureka|1049|HomeCoffeeSolutions.com
4d510535-004f-4024-bb3a-51ea30a93041|Eureka Oro Prometheus Commercial Coffee Grinder (Black)|Eureka|3995|HomeCoffeeSolutions.com
2408732a-776b-433d-a0a7-f52bbb30765c|Eureka Oro Prometheus Commercial Coffee Grinder (Chrome)|Eureka|3995|HomeCoffeeSolutions.com
545af907-858d-4a1f-be69-46a3acb61773|Eureka Mignon XL Coffee Grinder (Grey) - OPEN BOX (4071)|Eureka|999.45|HomeCoffeeSolutions.com
25ccfa6a-4843-4c7a-b334-8f208ff113ad|Eureka Atom Excellence 65 Grinder (White)|Eureka|1619|HomeCoffeeSolutions.com
3dfbc64b-082a-4c9f-ac7a-dc05215eea53|Eureka Mignon Zero 65 All Purpose Grinder (Chrome) - BACKORDERED|Eureka|749|HomeCoffeeSolutions.com
a08dd9bd-6e36-492e-a1b9-ed21d45c3186|Eureka Helios 65 Coffee Grinder (White)|Eureka|1495|HomeCoffeeSolutions.com
fbc4aeb5-84a6-44ce-8478-d5ee871f9647|Eureka Mignon Silenzio 50mm Grinder (Lime)|Eureka|749|HomeCoffeeSolutions.com
fdd97ff8-7f53-4dd4-aefd-fdad17bca87f|Eureka Mignon Zero | Single Dose Coffee Grinder (White) - OPEN BOX (3633)|Eureka|656|HomeCoffeeSolutions.com
7291796d-8873-48c6-86c8-dd5846db1a30|Eureka Mignon Brew Pro l Quiet 55mm Flat Burr Grinder (White)|Eureka|799|HomeCoffeeSolutions.com
45b85fc3-9a2b-4700-b335-beb388772819|Eureka HandBrew Cup (80g)|Eureka|55|HomeCoffeeSolutions.com
2d9a6fac-fbcc-42e3-b342-9269e86ce1f6|Eureka Mignon Zero | Single Dose Coffee Grinder (Ferrari Red)|Eureka|599|HomeCoffeeSolutions.com
24ef2af4-79ec-4e05-a370-4e5f6dbef37b|Eureka Mignon Zero | Single Dose Coffee Grinder (Anthracite)|Eureka|599|HomeCoffeeSolutions.com
118caa94-29bb-4cee-bf55-b225e0d42854|Eureka Under-the-Grinder Automatic Tamper for Atom (Black)|Eureka|1129|HomeCoffeeSolutions.com
376ff748-3ac5-4456-9625-c3adc89d371d|Eureka Mignon Libra 65 All Purpose Grinder (Chrome) - BACKORDERED|Eureka|1349|HomeCoffeeSolutions.com
988ba555-92da-4f63-9ef0-022ee13d11b8|Eureka Mignon Specialita | Quiet Flat Burr Coffee Grinder (Yellow)|Eureka|849|HomeCoffeeSolutions.com
735564c8-2790-4c03-89b7-5c37e4c3a2c1|Eureka Mignon Brew Pro l Quiet 55mm Flat Burr Grinder (Black)|Eureka|799|HomeCoffeeSolutions.com
4a620adb-98b2-4e1b-bf2d-8b5d6545de2a|Eureka Mignon Specialita | Quiet Flat Burr Coffee Grinder (Orange)|Eureka|879|HomeCoffeeSolutions.com
9d10e779-4618-4057-bfe0-fd57c0a171eb|Eureka Mignon XL Coffee Grinder (Silver)|Eureka|1149|HomeCoffeeSolutions.com
407cb034-49b9-4171-9521-c897dcb97187|Eureka Zenith 65 Neo (Matte Black)|Eureka|1199|HomeCoffeeSolutions.com
d14d8f4c-501e-4fdf-b3e1-0368d3cbccea|Eureka Mignon XL Coffee Grinder (Red)|Eureka|1149|HomeCoffeeSolutions.com
8a23bd08-df09-4f86-9332-4c205453e69e|Eureka Mignon Zero 65 All Purpose Grinder (White) - BACKORDERED|Eureka|749|HomeCoffeeSolutions.com
51aad702-8459-482a-8f17-56ecde8b9c77|Eureka Mignon Zero | Single Dose Coffee Grinder (Black with Black Spout)|Eureka|499|HomeCoffeeSolutions.com
f51c740d-2b00-4dc0-80da-340d29f2d621|Eureka Mignon Single Dose Hopper with Bellow and Cleaning Kit (250g)|Eureka|135|HomeCoffeeSolutions.com
323075b4-84b9-4c35-87f7-e0632f9c844a|Eureka Oro Mignon Stark Grinder (Matte Black)|Eureka|1249|HomeCoffeeSolutions.com
d0d7e7de-5637-4d45-9ffa-c879a89d911b|Eureka Oro Mignon Stark Grinder (Chrome)|Eureka|1299|HomeCoffeeSolutions.com
2236d9cf-da41-485f-837f-230efc4b3740|Eureka Oro Mignon Single Dose Pro Grinder (White)|Eureka|1019|HomeCoffeeSolutions.com
cb02e167-f667-4908-92e4-91a595786284|Eureka Mignon Libra 65 All Purpose Grinder (White) - BACKORDERED|Eureka|1299|HomeCoffeeSolutions.com
27f182bb-24df-43dd-945e-02372d5fed7b|Eureka Mignon Silenzio 55mm Grinder (Amaranth)|Eureka|619.65|HomeCoffeeSolutions.com
466fb7ac-784f-4745-84fc-7d9e432f3628|Eureka Mignon Silenzio 55mm Grinder (Grey / Silver)|Eureka|594.15|HomeCoffeeSolutions.com
35badf6c-1321-441f-8e07-9605b83cab65|Eureka Mignon XL Coffee Grinder (White)|Eureka|1149|HomeCoffeeSolutions.com
